Command line invocation:
    /Applications/Xcode.app/Contents/Developer/usr/bin/xcodebuild -project FakeIrisXEFramebuffer.xcodeproj -target FakeIrisXEFramebuffer -configuration Debug -sdk macosx CONFIGURATION_BUILD_DIR=/Users/jkbuha/Sources/FakeIrisXEFramebuffer/build/Debug SYMROOT=/Users/jkbuha/Sources/FakeIrisXEFramebuffer/build OBJROOT=/Users/jkbuha/Sources/FakeIrisXEFramebuffer/build/obj

Build settings from command line:
    CONFIGURATION_BUILD_DIR = /Users/jkbuha/Sources/FakeIrisXEFramebuffer/build/Debug
    OBJROOT = /Users/jkbuha/Sources/FakeIrisXEFramebuffer/build/obj
    SDKROOT = macosx26.2
    SYMROOT = /Users/jkbuha/Sources/FakeIrisXEFramebuffer/build

ComputePackagePrebuildTargetDependencyGraph

Prepare packages

CreateBuildRequest

SendProjectDescription

CreateBuildOperation

ComputeTargetDependencyGraph
note: Building targets in dependency order
note: Target dependency graph (1 target)
    Target 'FakeIrisXEFramebuffer' in project 'FakeIrisXEFramebuffer' (no dependencies)

GatherProvisioningInputs

CreateBuildDescription

ClangStatCache /Applications/Xcode.app/Contents/Developer/Toolchains/XcodeDefault.xctoolchain/usr/bin/clang-stat-cache /Applications/Xcode.app/Contents/Developer/Platforms/MacOSX.platform/Developer/SDKs/MacOSX26.2.sdk /var/folders/32/r9chwqn148s0zssd6bl6ddz00000gn/C/com.apple.DeveloperTools/26.2-17C52/Xcode/SDKStatCaches.noindex/macosx26.2-25C57-00fa09913b459cbbc988d1f6730289ae.sdkstatcache
    cd /Users/jkbuha/Sources/FakeIrisXEFramebuffer/FakeIrisXEFramebuffer.xcodeproj
    /Applications/Xcode.app/Contents/Developer/Toolchains/XcodeDefault.xctoolchain/usr/bin/clang-stat-cache /Applications/Xcode.app/Contents/Developer/Platforms/MacOSX.platform/Developer/SDKs/MacOSX26.2.sdk -o /var/folders/32/r9chwqn148s0zssd6bl6ddz00000gn/C/com.apple.DeveloperTools/26.2-17C52/Xcode/SDKStatCaches.noindex/macosx26.2-25C57-00fa09913b459cbbc988d1f6730289ae.sdkstatcache

/Users/jkbuha/Sources/FakeIrisXEFramebuffer/FakeIrisXEFramebuffer.xcodeproj: warning: The Copy Files build phase contains this target's Info.plist file '/Users/jkbuha/Sources/FakeIrisXEFramebuffer/FakeIrisXEFramebuffer.kext/Contents/Info.plist'. (in target 'FakeIrisXEFramebuffer' from project 'FakeIrisXEFramebuffer')
warning: Traditional headermap style is no longer supported; please migrate to using separate headermaps and set 'ALWAYS_SEARCH_USER_PATHS' to NO. (in target 'FakeIrisXEFramebuffer' from project 'FakeIrisXEFramebuffer')
CompileC /Users/jkbuha/Sources/FakeIrisXEFramebuffer/build/obj/FakeIrisXEFramebuffer.build/Debug/FakeIrisXEFramebuffer.build/Objects-normal/x86_64/FakeIrisXEGuC.o /Users/jkbuha/Sources/FakeIrisXEFramebuffer/FakeIrisXEGuC.cpp normal x86_64 c++ com.apple.compilers.llvm.clang.1_0.compiler (in target 'FakeIrisXEFramebuffer' from project 'FakeIrisXEFramebuffer')
    cd /Users/jkbuha/Sources/FakeIrisXEFramebuffer
    
    Using response file: /Users/jkbuha/Sources/FakeIrisXEFramebuffer/build/obj/FakeIrisXEFramebuffer.build/Debug/FakeIrisXEFramebuffer.build/Objects-normal/x86_64/82b82416624d2658e5098eb0a28c15c5-common-args.resp
    
    /Applications/Xcode.app/Contents/Developer/Toolchains/XcodeDefault.xctoolchain/usr/bin/clang -x c++ -ivfsstatcache /var/folders/32/r9chwqn148s0zssd6bl6ddz00000gn/C/com.apple.DeveloperTools/26.2-17C52/Xcode/SDKStatCaches.noindex/macosx26.2-25C57-00fa09913b459cbbc988d1f6730289ae.sdkstatcache -fmessage-length\=0 -fdiagnostics-show-note-include-stack -fmacro-backtrace-limit\=0 -fno-color-diagnostics -Wno-trigraphs -Wno-missing-field-initializers -Wno-missing-prototypes -Wno-return-type -Wno-non-virtual-dtor -Wno-overloaded-virtual -Wno-exit-time-destructors -Wno-missing-braces -Wparentheses -Wswitch -Wno-unused-function -Wno-unused-label -Wno-unused-parameter -Wunused-variable -Wunused-value -Wno-empty-body -Wno-uninitialized -Wno-unknown-pragmas -Wno-shadow -Wno-four-char-constants -Wno-conversion -Wno-constant-conversion -Wno-int-conversion -Wno-bool-conversion -Wno-enum-conversion -Wno-float-conversion -Wno-non-literal-null-conversion -Wno-objc-literal-conversion -Wshorten-64-to-32 -Wno-newline-eof -Wno-c++11-extensions -Wno-implicit-fallthrough -fstrict-aliasing -Wdeprecated-declarations -Winvalid-offsetof -Wno-sign-conversion -Wno-infinite-recursion -Wno-move -Wno-comma -Wno-block-capture-autoreleasing -Wno-strict-prototypes -Wno-range-loop-analysis -Wno-semicolon-before-method-body @/Users/jkbuha/Sources/FakeIrisXEFramebuffer/build/obj/FakeIrisXEFramebuffer.build/Debug/FakeIrisXEFramebuffer.build/Objects-normal/x86_64/82b82416624d2658e5098eb0a28c15c5-common-args.resp -MMD -MT dependencies -MF /Users/jkbuha/Sources/FakeIrisXEFramebuffer/build/obj/FakeIrisXEFramebuffer.build/Debug/FakeIrisXEFramebuffer.build/Objects-normal/x86_64/FakeIrisXEGuC.d --serialize-diagnostics /Users/jkbuha/Sources/FakeIrisXEFramebuffer/build/obj/FakeIrisXEFramebuffer.build/Debug/FakeIrisXEFramebuffer.build/Objects-normal/x86_64/FakeIrisXEGuC.dia -c /Users/jkbuha/Sources/FakeIrisXEFramebuffer/FakeIrisXEGuC.cpp -o /Users/jkbuha/Sources/FakeIrisXEFramebuffer/build/obj/FakeIrisXEFramebuffer.build/Debug/FakeIrisXEFramebuffer.build/Objects-normal/x86_64/FakeIrisXEGuC.o
In file included from /Users/jkbuha/Sources/FakeIrisXEFramebuffer/FakeIrisXEGuC.cpp:7:
In file included from /Users/jkbuha/Sources/FakeIrisXEFramebuffer/FakeIrisXEFramebuffer.hpp:15:
/Applications/Xcode.app/Contents/Developer/Platforms/MacOSX.platform/Developer/SDKs/MacOSX26.2.sdk/System/Library/Frameworks/Kernel.framework/Headers/IOKit/pci/IOPCIDevice.h:412:18: warning: 'handleOpen' overrides a member function but is not marked 'override' [-Winconsistent-missing-override]
  412 |     virtual bool handleOpen(IOService * forClient, IOOptionBits options, void * arg);
      |                  ^
In file included from /Users/jkbuha/Sources/FakeIrisXEFramebuffer/FakeIrisXEGuC.cpp:6:
In file included from /Users/jkbuha/Sources/FakeIrisXEFramebuffer/FakeIrisXEGuC.hpp:11:
/Applications/Xcode.app/Contents/Developer/Platforms/MacOSX.platform/Developer/SDKs/MacOSX26.2.sdk/System/Library/Frameworks/Kernel.framework/Headers/IOKit/IOService.h:660:15: note: overridden virtual function is here
  660 |         virtual bool handleOpen(    IOService *   forClient,
      |                      ^
In file included from /Users/jkbuha/Sources/FakeIrisXEFramebuffer/FakeIrisXEGuC.cpp:7:
In file included from /Users/jkbuha/Sources/FakeIrisXEFramebuffer/FakeIrisXEFramebuffer.hpp:15:
/Applications/Xcode.app/Contents/Developer/Platforms/MacOSX.platform/Developer/SDKs/MacOSX26.2.sdk/System/Library/Frameworks/Kernel.framework/Headers/IOKit/pci/IOPCIDevice.h:413:18: warning: 'handleClose' overrides a member function but is not marked 'override' [-Winconsistent-missing-override]
  413 |     virtual void handleClose(IOService * forClient, IOOptionBits options);
      |                  ^
In file included from /Users/jkbuha/Sources/FakeIrisXEFramebuffer/FakeIrisXEGuC.cpp:6:
In file included from /Users/jkbuha/Sources/FakeIrisXEFramebuffer/FakeIrisXEGuC.hpp:11:
/Applications/Xcode.app/Contents/Developer/Platforms/MacOSX.platform/Developer/SDKs/MacOSX26.2.sdk/System/Library/Frameworks/Kernel.framework/Headers/IOKit/IOService.h:670:15: note: overridden virtual function is here
  670 |         virtual void handleClose(   IOService *       forClient,
      |                      ^
In file included from /Users/jkbuha/Sources/FakeIrisXEFramebuffer/FakeIrisXEGuC.cpp:7:
In file included from /Users/jkbuha/Sources/FakeIrisXEFramebuffer/FakeIrisXEFramebuffer.hpp:15:
/Applications/Xcode.app/Contents/Developer/Platforms/MacOSX.platform/Developer/SDKs/MacOSX26.2.sdk/System/Library/Frameworks/Kernel.framework/Headers/IOKit/pci/IOPCIDevice.h:1111:15: warning: 'setProperty' overrides a member function but is not marked 'override' [-Winconsistent-missing-override]
 1111 |         virtual bool setProperty(const OSSymbol * aKey, OSObject * anObject);
      |                      ^
In file included from /Users/jkbuha/Sources/FakeIrisXEFramebuffer/FakeIrisXEGuC.cpp:6:
In file included from /Users/jkbuha/Sources/FakeIrisXEFramebuffer/FakeIrisXEGuC.hpp:11:
In file included from /Applications/Xcode.app/Contents/Developer/Platforms/MacOSX.platform/Developer/SDKs/MacOSX26.2.sdk/System/Library/Frameworks/Kernel.framework/Headers/IOKit/IOService.h:44:
/Applications/Xcode.app/Contents/Developer/Platforms/MacOSX.platform/Developer/SDKs/MacOSX26.2.sdk/System/Library/Frameworks/Kernel.framework/Headers/IOKit/IORegistryEntry.h:298:15: note: overridden virtual function is here
  298 |         virtual bool setProperty(const OSSymbol * aKey,
      |                      ^
In file included from /Users/jkbuha/Sources/FakeIrisXEFramebuffer/FakeIrisXEGuC.cpp:7:
In file included from /Users/jkbuha/Sources/FakeIrisXEFramebuffer/FakeIrisXEFramebuffer.hpp:15:
/Applications/Xcode.app/Contents/Developer/Platforms/MacOSX.platform/Developer/SDKs/MacOSX26.2.sdk/System/Library/Frameworks/Kernel.framework/Headers/IOKit/pci/IOPCIDevice.h:1112:15: warning: 'setProperty' overrides a member function but is not marked 'override' [-Winconsistent-missing-override]
 1112 |         virtual bool setProperty(const OSString * aKey, OSObject * anObject);
      |                      ^
In file included from /Users/jkbuha/Sources/FakeIrisXEFramebuffer/FakeIrisXEGuC.cpp:6:
In file included from /Users/jkbuha/Sources/FakeIrisXEFramebuffer/FakeIrisXEGuC.hpp:11:
In file included from /Applications/Xcode.app/Contents/Developer/Platforms/MacOSX.platform/Developer/SDKs/MacOSX26.2.sdk/System/Library/Frameworks/Kernel.framework/Headers/IOKit/IOService.h:44:
/Applications/Xcode.app/Contents/Developer/Platforms/MacOSX.platform/Developer/SDKs/MacOSX26.2.sdk/System/Library/Frameworks/Kernel.framework/Headers/IOKit/IORegistryEntry.h:309:15: note: overridden virtual function is here
  309 |         virtual bool setProperty(const OSString * aKey, OSObject * anObject);
      |                      ^
In file included from /Users/jkbuha/Sources/FakeIrisXEFramebuffer/FakeIrisXEGuC.cpp:7:
In file included from /Users/jkbuha/Sources/FakeIrisXEFramebuffer/FakeIrisXEFramebuffer.hpp:15:
/Applications/Xcode.app/Contents/Developer/Platforms/MacOSX.platform/Developer/SDKs/MacOSX26.2.sdk/System/Library/Frameworks/Kernel.framework/Headers/IOKit/pci/IOPCIDevice.h:1113:15: warning: 'setProperty' overrides a member function but is not marked 'override' [-Winconsistent-missing-override]
 1113 |         virtual bool setProperty(const char * aKey, OSObject * anObject);
      |                      ^
In file included from /Users/jkbuha/Sources/FakeIrisXEFramebuffer/FakeIrisXEGuC.cpp:6:
In file included from /Users/jkbuha/Sources/FakeIrisXEFramebuffer/FakeIrisXEGuC.hpp:11:
In file included from /Applications/Xcode.app/Contents/Developer/Platforms/MacOSX.platform/Developer/SDKs/MacOSX26.2.sdk/System/Library/Frameworks/Kernel.framework/Headers/IOKit/IOService.h:44:
/Applications/Xcode.app/Contents/Developer/Platforms/MacOSX.platform/Developer/SDKs/MacOSX26.2.sdk/System/Library/Frameworks/Kernel.framework/Headers/IOKit/IORegistryEntry.h:318:15: note: overridden virtual function is here
  318 |         virtual bool setProperty(const char * aKey, OSObject * anObject);
      |                      ^
In file included from /Users/jkbuha/Sources/FakeIrisXEFramebuffer/FakeIrisXEGuC.cpp:7:
In file included from /Users/jkbuha/Sources/FakeIrisXEFramebuffer/FakeIrisXEFramebuffer.hpp:15:
/Applications/Xcode.app/Contents/Developer/Platforms/MacOSX.platform/Developer/SDKs/MacOSX26.2.sdk/System/Library/Frameworks/Kernel.framework/Headers/IOKit/pci/IOPCIDevice.h:1114:15: warning: 'setProperty' overrides a member function but is not marked 'override' [-Winconsistent-missing-override]
 1114 |         virtual bool setProperty(const char * aKey, const char * aString);
      |                      ^
In file included from /Users/jkbuha/Sources/FakeIrisXEFramebuffer/FakeIrisXEGuC.cpp:6:
In file included from /Users/jkbuha/Sources/FakeIrisXEFramebuffer/FakeIrisXEGuC.hpp:11:
In file included from /Applications/Xcode.app/Contents/Developer/Platforms/MacOSX.platform/Developer/SDKs/MacOSX26.2.sdk/System/Library/Frameworks/Kernel.framework/Headers/IOKit/IOService.h:44:
/Applications/Xcode.app/Contents/Developer/Platforms/MacOSX.platform/Developer/SDKs/MacOSX26.2.sdk/System/Library/Frameworks/Kernel.framework/Headers/IOKit/IORegistryEntry.h:327:15: note: overridden virtual function is here
  327 |         virtual bool setProperty(const char * aKey, const char * aString);
      |                      ^
In file included from /Users/jkbuha/Sources/FakeIrisXEFramebuffer/FakeIrisXEGuC.cpp:7:
In file included from /Users/jkbuha/Sources/FakeIrisXEFramebuffer/FakeIrisXEFramebuffer.hpp:15:
/Applications/Xcode.app/Contents/Developer/Platforms/MacOSX.platform/Developer/SDKs/MacOSX26.2.sdk/System/Library/Frameworks/Kernel.framework/Headers/IOKit/pci/IOPCIDevice.h:1115:15: warning: 'setProperty' overrides a member function but is not marked 'override' [-Winconsistent-missing-override]
 1115 |         virtual bool setProperty(const char * aKey, bool aBoolean);
      |                      ^
In file included from /Users/jkbuha/Sources/FakeIrisXEFramebuffer/FakeIrisXEGuC.cpp:6:
In file included from /Users/jkbuha/Sources/FakeIrisXEFramebuffer/FakeIrisXEGuC.hpp:11:
In file included from /Applications/Xcode.app/Contents/Developer/Platforms/MacOSX.platform/Developer/SDKs/MacOSX26.2.sdk/System/Library/Frameworks/Kernel.framework/Headers/IOKit/IOService.h:44:
/Applications/Xcode.app/Contents/Developer/Platforms/MacOSX.platform/Developer/SDKs/MacOSX26.2.sdk/System/Library/Frameworks/Kernel.framework/Headers/IOKit/IORegistryEntry.h:336:15: note: overridden virtual function is here
  336 |         virtual bool setProperty(const char * aKey, bool aBoolean);
      |                      ^
In file included from /Users/jkbuha/Sources/FakeIrisXEFramebuffer/FakeIrisXEGuC.cpp:7:
In file included from /Users/jkbuha/Sources/FakeIrisXEFramebuffer/FakeIrisXEFramebuffer.hpp:15:
/Applications/Xcode.app/Contents/Developer/Platforms/MacOSX.platform/Developer/SDKs/MacOSX26.2.sdk/System/Library/Frameworks/Kernel.framework/Headers/IOKit/pci/IOPCIDevice.h:1116:15: warning: 'setProperty' overrides a member function but is not marked 'override' [-Winconsistent-missing-override]
 1116 |         virtual bool setProperty(const char * aKey, unsigned long long aValue, unsigned int aNumberOfBits);
      |                      ^
In file included from /Users/jkbuha/Sources/FakeIrisXEFramebuffer/FakeIrisXEGuC.cpp:6:
In file included from /Users/jkbuha/Sources/FakeIrisXEFramebuffer/FakeIrisXEGuC.hpp:11:
In file included from /Applications/Xcode.app/Contents/Developer/Platforms/MacOSX.platform/Developer/SDKs/MacOSX26.2.sdk/System/Library/Frameworks/Kernel.framework/Headers/IOKit/IOService.h:44:
/Applications/Xcode.app/Contents/Developer/Platforms/MacOSX.platform/Developer/SDKs/MacOSX26.2.sdk/System/Library/Frameworks/Kernel.framework/Headers/IOKit/IORegistryEntry.h:346:15: note: overridden virtual function is here
  346 |         virtual bool setProperty( const char *       aKey,
      |                      ^
In file included from /Users/jkbuha/Sources/FakeIrisXEFramebuffer/FakeIrisXEGuC.cpp:7:
In file included from /Users/jkbuha/Sources/FakeIrisXEFramebuffer/FakeIrisXEFramebuffer.hpp:15:
/Applications/Xcode.app/Contents/Developer/Platforms/MacOSX.platform/Developer/SDKs/MacOSX26.2.sdk/System/Library/Frameworks/Kernel.framework/Headers/IOKit/pci/IOPCIDevice.h:1117:15: warning: 'setProperty' overrides a member function but is not marked 'override' [-Winconsistent-missing-override]
 1117 |         virtual bool setProperty(const char * aKey, void * bytes, unsigned int length);
      |                      ^
In file included from /Users/jkbuha/Sources/FakeIrisXEFramebuffer/FakeIrisXEGuC.cpp:6:
In file included from /Users/jkbuha/Sources/FakeIrisXEFramebuffer/FakeIrisXEGuC.hpp:11:
In file included from /Applications/Xcode.app/Contents/Developer/Platforms/MacOSX.platform/Developer/SDKs/MacOSX26.2.sdk/System/Library/Frameworks/Kernel.framework/Headers/IOKit/IOService.h:44:
/Applications/Xcode.app/Contents/Developer/Platforms/MacOSX.platform/Developer/SDKs/MacOSX26.2.sdk/System/Library/Frameworks/Kernel.framework/Headers/IOKit/IORegistryEntry.h:358:15: note: overridden virtual function is here
  358 |         virtual bool setProperty( const char *       aKey,
      |                      ^
In file included from /Users/jkbuha/Sources/FakeIrisXEFramebuffer/FakeIrisXEGuC.cpp:7:
/Users/jkbuha/Sources/FakeIrisXEFramebuffer/FakeIrisXEFramebuffer.hpp:120:5: warning: 'IOPCIDevice' is deprecated: Use PCIDriverKit [-Wdeprecated-declarations]
  120 |     IOPCIDevice *       getPCIDevice()  { return _pciDevice; }
      |     ^
In file included from /Users/jkbuha/Sources/FakeIrisXEFramebuffer/FakeIrisXEGuC.cpp:7:
In file included from /Users/jkbuha/Sources/FakeIrisXEFramebuffer/FakeIrisXEFramebuffer.hpp:15:
/Applications/Xcode.app/Contents/Developer/Platforms/MacOSX.platform/Developer/SDKs/MacOSX26.2.sdk/System/Library/Frameworks/Kernel.framework/Headers/IOKit/pci/IOPCIDevice.h:368:7: note: 'IOPCIDevice' has been explicitly marked deprecated here
  368 | class __kpi_deprecated("Use PCIDriverKit") IOPCIDevice : public IOService
      |       ^
In file included from /Users/jkbuha/Sources/FakeIrisXEFramebuffer/FakeIrisXEGuC.cpp:6:
In file included from /Users/jkbuha/Sources/FakeIrisXEFramebuffer/FakeIrisXEGuC.hpp:11:
In file included from /Applications/Xcode.app/Contents/Developer/Platforms/MacOSX.platform/Developer/SDKs/MacOSX26.2.sdk/System/Library/Frameworks/Kernel.framework/Headers/IOKit/IOService.h:44:
In file included from /Applications/Xcode.app/Contents/Developer/Platforms/MacOSX.platform/Developer/SDKs/MacOSX26.2.sdk/System/Library/Frameworks/Kernel.framework/Headers/IOKit/IORegistryEntry.h:39:
In file included from /Applications/Xcode.app/Contents/Developer/Platforms/MacOSX.platform/Developer/SDKs/MacOSX26.2.sdk/System/Library/Frameworks/Kernel.framework/Headers/IOKit/IOTypes.h:36:
/Applications/Xcode.app/Contents/Developer/Platforms/MacOSX.platform/Developer/SDKs/MacOSX26.2.sdk/System/Library/Frameworks/Kernel.framework/Headers/sys/cdefs.h:238:32: note: expanded from macro '__kpi_deprecated'
  238 | #define __kpi_deprecated(_msg) __deprecated_msg(_msg)
      |                                ^
/Applications/Xcode.app/Contents/Developer/Platforms/MacOSX.platform/Developer/SDKs/MacOSX26.2.sdk/System/Library/Frameworks/Kernel.framework/Headers/sys/cdefs.h:227:48: note: expanded from macro '__deprecated_msg'
  227 |         #define __deprecated_msg(_msg) __attribute__((__deprecated__(_msg)))
      |                                                       ^
In file included from /Users/jkbuha/Sources/FakeIrisXEFramebuffer/FakeIrisXEGuC.cpp:7:
/Users/jkbuha/Sources/FakeIrisXEFramebuffer/FakeIrisXEFramebuffer.hpp:145:5: warning: 'IOPCIDevice' is deprecated: Use PCIDriverKit [-Wdeprecated-declarations]
  145 |     IOPCIDevice *       _pciDevice    = nullptr;
      |     ^
In file included from /Users/jkbuha/Sources/FakeIrisXEFramebuffer/FakeIrisXEGuC.cpp:7:
In file included from /Users/jkbuha/Sources/FakeIrisXEFramebuffer/FakeIrisXEFramebuffer.hpp:15:
/Applications/Xcode.app/Contents/Developer/Platforms/MacOSX.platform/Developer/SDKs/MacOSX26.2.sdk/System/Library/Frameworks/Kernel.framework/Headers/IOKit/pci/IOPCIDevice.h:368:7: note: 'IOPCIDevice' has been explicitly marked deprecated here
  368 | class __kpi_deprecated("Use PCIDriverKit") IOPCIDevice : public IOService
      |       ^
In file included from /Users/jkbuha/Sources/FakeIrisXEFramebuffer/FakeIrisXEGuC.cpp:6:
In file included from /Users/jkbuha/Sources/FakeIrisXEFramebuffer/FakeIrisXEGuC.hpp:11:
In file included from /Applications/Xcode.app/Contents/Developer/Platforms/MacOSX.platform/Developer/SDKs/MacOSX26.2.sdk/System/Library/Frameworks/Kernel.framework/Headers/IOKit/IOService.h:44:
In file included from /Applications/Xcode.app/Contents/Developer/Platforms/MacOSX.platform/Developer/SDKs/MacOSX26.2.sdk/System/Library/Frameworks/Kernel.framework/Headers/IOKit/IORegistryEntry.h:39:
In file included from /Applications/Xcode.app/Contents/Developer/Platforms/MacOSX.platform/Developer/SDKs/MacOSX26.2.sdk/System/Library/Frameworks/Kernel.framework/Headers/IOKit/IOTypes.h:36:
/Applications/Xcode.app/Contents/Developer/Platforms/MacOSX.platform/Developer/SDKs/MacOSX26.2.sdk/System/Library/Frameworks/Kernel.framework/Headers/sys/cdefs.h:238:32: note: expanded from macro '__kpi_deprecated'
  238 | #define __kpi_deprecated(_msg) __deprecated_msg(_msg)
      |                                ^
/Applications/Xcode.app/Contents/Developer/Platforms/MacOSX.platform/Developer/SDKs/MacOSX26.2.sdk/System/Library/Frameworks/Kernel.framework/Headers/sys/cdefs.h:227:48: note: expanded from macro '__deprecated_msg'
  227 |         #define __deprecated_msg(_msg) __attribute__((__deprecated__(_msg)))
      |                                                       ^
11 warnings generated.

CompileC /Users/jkbuha/Sources/FakeIrisXEFramebuffer/build/obj/FakeIrisXEFramebuffer.build/Debug/FakeIrisXEFramebuffer.build/Objects-normal/x86_64/FakeIrisXEFramebuffer.o /Users/jkbuha/Sources/FakeIrisXEFramebuffer/FakeIrisXEFramebuffer.cpp normal x86_64 c++ com.apple.compilers.llvm.clang.1_0.compiler (in target 'FakeIrisXEFramebuffer' from project 'FakeIrisXEFramebuffer')
    cd /Users/jkbuha/Sources/FakeIrisXEFramebuffer
    
    Using response file: /Users/jkbuha/Sources/FakeIrisXEFramebuffer/build/obj/FakeIrisXEFramebuffer.build/Debug/FakeIrisXEFramebuffer.build/Objects-normal/x86_64/82b82416624d2658e5098eb0a28c15c5-common-args.resp
    
    /Applications/Xcode.app/Contents/Developer/Toolchains/XcodeDefault.xctoolchain/usr/bin/clang -x c++ -ivfsstatcache /var/folders/32/r9chwqn148s0zssd6bl6ddz00000gn/C/com.apple.DeveloperTools/26.2-17C52/Xcode/SDKStatCaches.noindex/macosx26.2-25C57-00fa09913b459cbbc988d1f6730289ae.sdkstatcache -fmessage-length\=0 -fdiagnostics-show-note-include-stack -fmacro-backtrace-limit\=0 -fno-color-diagnostics -Wno-trigraphs -Wno-missing-field-initializers -Wno-missing-prototypes -Wno-return-type -Wno-non-virtual-dtor -Wno-overloaded-virtual -Wno-exit-time-destructors -Wno-missing-braces -Wparentheses -Wswitch -Wno-unused-function -Wno-unused-label -Wno-unused-parameter -Wunused-variable -Wunused-value -Wno-empty-body -Wno-uninitialized -Wno-unknown-pragmas -Wno-shadow -Wno-four-char-constants -Wno-conversion -Wno-constant-conversion -Wno-int-conversion -Wno-bool-conversion -Wno-enum-conversion -Wno-float-conversion -Wno-non-literal-null-conversion -Wno-objc-literal-conversion -Wshorten-64-to-32 -Wno-newline-eof -Wno-c++11-extensions -Wno-implicit-fallthrough -fstrict-aliasing -Wdeprecated-declarations -Winvalid-offsetof -Wno-sign-conversion -Wno-infinite-recursion -Wno-move -Wno-comma -Wno-block-capture-autoreleasing -Wno-strict-prototypes -Wno-range-loop-analysis -Wno-semicolon-before-method-body @/Users/jkbuha/Sources/FakeIrisXEFramebuffer/build/obj/FakeIrisXEFramebuffer.build/Debug/FakeIrisXEFramebuffer.build/Objects-normal/x86_64/82b82416624d2658e5098eb0a28c15c5-common-args.resp -MMD -MT dependencies -MF /Users/jkbuha/Sources/FakeIrisXEFramebuffer/build/obj/FakeIrisXEFramebuffer.build/Debug/FakeIrisXEFramebuffer.build/Objects-normal/x86_64/FakeIrisXEFramebuffer.d --serialize-diagnostics /Users/jkbuha/Sources/FakeIrisXEFramebuffer/build/obj/FakeIrisXEFramebuffer.build/Debug/FakeIrisXEFramebuffer.build/Objects-normal/x86_64/FakeIrisXEFramebuffer.dia -c /Users/jkbuha/Sources/FakeIrisXEFramebuffer/FakeIrisXEFramebuffer.cpp -o /Users/jkbuha/Sources/FakeIrisXEFramebuffer/build/obj/FakeIrisXEFramebuffer.build/Debug/FakeIrisXEFramebuffer.build/Objects-normal/x86_64/FakeIrisXEFramebuffer.o
In file included from /Users/jkbuha/Sources/FakeIrisXEFramebuffer/FakeIrisXEFramebuffer.cpp:5:
In file included from /Users/jkbuha/Sources/FakeIrisXEFramebuffer/FakeIrisXEFramebuffer.hpp:15:
/Applications/Xcode.app/Contents/Developer/Platforms/MacOSX.platform/Developer/SDKs/MacOSX26.2.sdk/System/Library/Frameworks/Kernel.framework/Headers/IOKit/pci/IOPCIDevice.h:412:18: warning: 'handleOpen' overrides a member function but is not marked 'override' [-Winconsistent-missing-override]
  412 |     virtual bool handleOpen(IOService * forClient, IOOptionBits options, void * arg);
      |                  ^
In file included from /Users/jkbuha/Sources/FakeIrisXEFramebuffer/FakeIrisXEFramebuffer.cpp:5:
In file included from /Users/jkbuha/Sources/FakeIrisXEFramebuffer/FakeIrisXEFramebuffer.hpp:12:
/Applications/Xcode.app/Contents/Developer/Platforms/MacOSX.platform/Developer/SDKs/MacOSX26.2.sdk/System/Library/Frameworks/Kernel.framework/Headers/IOKit/IOService.h:660:15: note: overridden virtual function is here
  660 |         virtual bool handleOpen(    IOService *   forClient,
      |                      ^
In file included from /Users/jkbuha/Sources/FakeIrisXEFramebuffer/FakeIrisXEFramebuffer.cpp:5:
In file included from /Users/jkbuha/Sources/FakeIrisXEFramebuffer/FakeIrisXEFramebuffer.hpp:15:
/Applications/Xcode.app/Contents/Developer/Platforms/MacOSX.platform/Developer/SDKs/MacOSX26.2.sdk/System/Library/Frameworks/Kernel.framework/Headers/IOKit/pci/IOPCIDevice.h:413:18: warning: 'handleClose' overrides a member function but is not marked 'override' [-Winconsistent-missing-override]
  413 |     virtual void handleClose(IOService * forClient, IOOptionBits options);
      |                  ^
In file included from /Users/jkbuha/Sources/FakeIrisXEFramebuffer/FakeIrisXEFramebuffer.cpp:5:
In file included from /Users/jkbuha/Sources/FakeIrisXEFramebuffer/FakeIrisXEFramebuffer.hpp:12:
/Applications/Xcode.app/Contents/Developer/Platforms/MacOSX.platform/Developer/SDKs/MacOSX26.2.sdk/System/Library/Frameworks/Kernel.framework/Headers/IOKit/IOService.h:670:15: note: overridden virtual function is here
  670 |         virtual void handleClose(   IOService *       forClient,
      |                      ^
In file included from /Users/jkbuha/Sources/FakeIrisXEFramebuffer/FakeIrisXEFramebuffer.cpp:5:
In file included from /Users/jkbuha/Sources/FakeIrisXEFramebuffer/FakeIrisXEFramebuffer.hpp:15:
/Applications/Xcode.app/Contents/Developer/Platforms/MacOSX.platform/Developer/SDKs/MacOSX26.2.sdk/System/Library/Frameworks/Kernel.framework/Headers/IOKit/pci/IOPCIDevice.h:1111:15: warning: 'setProperty' overrides a member function but is not marked 'override' [-Winconsistent-missing-override]
 1111 |         virtual bool setProperty(const OSSymbol * aKey, OSObject * anObject);
      |                      ^
In file included from /Users/jkbuha/Sources/FakeIrisXEFramebuffer/FakeIrisXEFramebuffer.cpp:5:
In file included from /Users/jkbuha/Sources/FakeIrisXEFramebuffer/FakeIrisXEFramebuffer.hpp:12:
In file included from /Applications/Xcode.app/Contents/Developer/Platforms/MacOSX.platform/Developer/SDKs/MacOSX26.2.sdk/System/Library/Frameworks/Kernel.framework/Headers/IOKit/IOService.h:44:
/Applications/Xcode.app/Contents/Developer/Platforms/MacOSX.platform/Developer/SDKs/MacOSX26.2.sdk/System/Library/Frameworks/Kernel.framework/Headers/IOKit/IORegistryEntry.h:298:15: note: overridden virtual function is here
  298 |         virtual bool setProperty(const OSSymbol * aKey,
      |                      ^
In file included from /Users/jkbuha/Sources/FakeIrisXEFramebuffer/FakeIrisXEFramebuffer.cpp:5:
In file included from /Users/jkbuha/Sources/FakeIrisXEFramebuffer/FakeIrisXEFramebuffer.hpp:15:
/Applications/Xcode.app/Contents/Developer/Platforms/MacOSX.platform/Developer/SDKs/MacOSX26.2.sdk/System/Library/Frameworks/Kernel.framework/Headers/IOKit/pci/IOPCIDevice.h:1112:15: warning: 'setProperty' overrides a member function but is not marked 'override' [-Winconsistent-missing-override]
 1112 |         virtual bool setProperty(const OSString * aKey, OSObject * anObject);
      |                      ^
In file included from /Users/jkbuha/Sources/FakeIrisXEFramebuffer/FakeIrisXEFramebuffer.cpp:5:
In file included from /Users/jkbuha/Sources/FakeIrisXEFramebuffer/FakeIrisXEFramebuffer.hpp:12:
In file included from /Applications/Xcode.app/Contents/Developer/Platforms/MacOSX.platform/Developer/SDKs/MacOSX26.2.sdk/System/Library/Frameworks/Kernel.framework/Headers/IOKit/IOService.h:44:
/Applications/Xcode.app/Contents/Developer/Platforms/MacOSX.platform/Developer/SDKs/MacOSX26.2.sdk/System/Library/Frameworks/Kernel.framework/Headers/IOKit/IORegistryEntry.h:309:15: note: overridden virtual function is here
  309 |         virtual bool setProperty(const OSString * aKey, OSObject * anObject);
      |                      ^
In file included from /Users/jkbuha/Sources/FakeIrisXEFramebuffer/FakeIrisXEFramebuffer.cpp:5:
In file included from /Users/jkbuha/Sources/FakeIrisXEFramebuffer/FakeIrisXEFramebuffer.hpp:15:
/Applications/Xcode.app/Contents/Developer/Platforms/MacOSX.platform/Developer/SDKs/MacOSX26.2.sdk/System/Library/Frameworks/Kernel.framework/Headers/IOKit/pci/IOPCIDevice.h:1113:15: warning: 'setProperty' overrides a member function but is not marked 'override' [-Winconsistent-missing-override]
 1113 |         virtual bool setProperty(const char * aKey, OSObject * anObject);
      |                      ^
In file included from /Users/jkbuha/Sources/FakeIrisXEFramebuffer/FakeIrisXEFramebuffer.cpp:5:
In file included from /Users/jkbuha/Sources/FakeIrisXEFramebuffer/FakeIrisXEFramebuffer.hpp:12:
In file included from /Applications/Xcode.app/Contents/Developer/Platforms/MacOSX.platform/Developer/SDKs/MacOSX26.2.sdk/System/Library/Frameworks/Kernel.framework/Headers/IOKit/IOService.h:44:
/Applications/Xcode.app/Contents/Developer/Platforms/MacOSX.platform/Developer/SDKs/MacOSX26.2.sdk/System/Library/Frameworks/Kernel.framework/Headers/IOKit/IORegistryEntry.h:318:15: note: overridden virtual function is here
  318 |         virtual bool setProperty(const char * aKey, OSObject * anObject);
      |                      ^
In file included from /Users/jkbuha/Sources/FakeIrisXEFramebuffer/FakeIrisXEFramebuffer.cpp:5:
In file included from /Users/jkbuha/Sources/FakeIrisXEFramebuffer/FakeIrisXEFramebuffer.hpp:15:
/Applications/Xcode.app/Contents/Developer/Platforms/MacOSX.platform/Developer/SDKs/MacOSX26.2.sdk/System/Library/Frameworks/Kernel.framework/Headers/IOKit/pci/IOPCIDevice.h:1114:15: warning: 'setProperty' overrides a member function but is not marked 'override' [-Winconsistent-missing-override]
 1114 |         virtual bool setProperty(const char * aKey, const char * aString);
      |                      ^
In file included from /Users/jkbuha/Sources/FakeIrisXEFramebuffer/FakeIrisXEFramebuffer.cpp:5:
In file included from /Users/jkbuha/Sources/FakeIrisXEFramebuffer/FakeIrisXEFramebuffer.hpp:12:
In file included from /Applications/Xcode.app/Contents/Developer/Platforms/MacOSX.platform/Developer/SDKs/MacOSX26.2.sdk/System/Library/Frameworks/Kernel.framework/Headers/IOKit/IOService.h:44:
/Applications/Xcode.app/Contents/Developer/Platforms/MacOSX.platform/Developer/SDKs/MacOSX26.2.sdk/System/Library/Frameworks/Kernel.framework/Headers/IOKit/IORegistryEntry.h:327:15: note: overridden virtual function is here
  327 |         virtual bool setProperty(const char * aKey, const char * aString);
      |                      ^
In file included from /Users/jkbuha/Sources/FakeIrisXEFramebuffer/FakeIrisXEFramebuffer.cpp:5:
In file included from /Users/jkbuha/Sources/FakeIrisXEFramebuffer/FakeIrisXEFramebuffer.hpp:15:
/Applications/Xcode.app/Contents/Developer/Platforms/MacOSX.platform/Developer/SDKs/MacOSX26.2.sdk/System/Library/Frameworks/Kernel.framework/Headers/IOKit/pci/IOPCIDevice.h:1115:15: warning: 'setProperty' overrides a member function but is not marked 'override' [-Winconsistent-missing-override]
 1115 |         virtual bool setProperty(const char * aKey, bool aBoolean);
      |                      ^
In file included from /Users/jkbuha/Sources/FakeIrisXEFramebuffer/FakeIrisXEFramebuffer.cpp:5:
In file included from /Users/jkbuha/Sources/FakeIrisXEFramebuffer/FakeIrisXEFramebuffer.hpp:12:
In file included from /Applications/Xcode.app/Contents/Developer/Platforms/MacOSX.platform/Developer/SDKs/MacOSX26.2.sdk/System/Library/Frameworks/Kernel.framework/Headers/IOKit/IOService.h:44:
/Applications/Xcode.app/Contents/Developer/Platforms/MacOSX.platform/Developer/SDKs/MacOSX26.2.sdk/System/Library/Frameworks/Kernel.framework/Headers/IOKit/IORegistryEntry.h:336:15: note: overridden virtual function is here
  336 |         virtual bool setProperty(const char * aKey, bool aBoolean);
      |                      ^
In file included from /Users/jkbuha/Sources/FakeIrisXEFramebuffer/FakeIrisXEFramebuffer.cpp:5:
In file included from /Users/jkbuha/Sources/FakeIrisXEFramebuffer/FakeIrisXEFramebuffer.hpp:15:
/Applications/Xcode.app/Contents/Developer/Platforms/MacOSX.platform/Developer/SDKs/MacOSX26.2.sdk/System/Library/Frameworks/Kernel.framework/Headers/IOKit/pci/IOPCIDevice.h:1116:15: warning: 'setProperty' overrides a member function but is not marked 'override' [-Winconsistent-missing-override]
 1116 |         virtual bool setProperty(const char * aKey, unsigned long long aValue, unsigned int aNumberOfBits);
      |                      ^
In file included from /Users/jkbuha/Sources/FakeIrisXEFramebuffer/FakeIrisXEFramebuffer.cpp:5:
In file included from /Users/jkbuha/Sources/FakeIrisXEFramebuffer/FakeIrisXEFramebuffer.hpp:12:
In file included from /Applications/Xcode.app/Contents/Developer/Platforms/MacOSX.platform/Developer/SDKs/MacOSX26.2.sdk/System/Library/Frameworks/Kernel.framework/Headers/IOKit/IOService.h:44:
/Applications/Xcode.app/Contents/Developer/Platforms/MacOSX.platform/Developer/SDKs/MacOSX26.2.sdk/System/Library/Frameworks/Kernel.framework/Headers/IOKit/IORegistryEntry.h:346:15: note: overridden virtual function is here
  346 |         virtual bool setProperty( const char *       aKey,
      |                      ^
In file included from /Users/jkbuha/Sources/FakeIrisXEFramebuffer/FakeIrisXEFramebuffer.cpp:5:
In file included from /Users/jkbuha/Sources/FakeIrisXEFramebuffer/FakeIrisXEFramebuffer.hpp:15:
/Applications/Xcode.app/Contents/Developer/Platforms/MacOSX.platform/Developer/SDKs/MacOSX26.2.sdk/System/Library/Frameworks/Kernel.framework/Headers/IOKit/pci/IOPCIDevice.h:1117:15: warning: 'setProperty' overrides a member function but is not marked 'override' [-Winconsistent-missing-override]
 1117 |         virtual bool setProperty(const char * aKey, void * bytes, unsigned int length);
      |                      ^
In file included from /Users/jkbuha/Sources/FakeIrisXEFramebuffer/FakeIrisXEFramebuffer.cpp:5:
In file included from /Users/jkbuha/Sources/FakeIrisXEFramebuffer/FakeIrisXEFramebuffer.hpp:12:
In file included from /Applications/Xcode.app/Contents/Developer/Platforms/MacOSX.platform/Developer/SDKs/MacOSX26.2.sdk/System/Library/Frameworks/Kernel.framework/Headers/IOKit/IOService.h:44:
/Applications/Xcode.app/Contents/Developer/Platforms/MacOSX.platform/Developer/SDKs/MacOSX26.2.sdk/System/Library/Frameworks/Kernel.framework/Headers/IOKit/IORegistryEntry.h:358:15: note: overridden virtual function is here
  358 |         virtual bool setProperty( const char *       aKey,
      |                      ^
In file included from /Users/jkbuha/Sources/FakeIrisXEFramebuffer/FakeIrisXEFramebuffer.cpp:5:
/Users/jkbuha/Sources/FakeIrisXEFramebuffer/FakeIrisXEFramebuffer.hpp:120:5: warning: 'IOPCIDevice' is deprecated: Use PCIDriverKit [-Wdeprecated-declarations]
  120 |     IOPCIDevice *       getPCIDevice()  { return _pciDevice; }
      |     ^
In file included from /Users/jkbuha/Sources/FakeIrisXEFramebuffer/FakeIrisXEFramebuffer.cpp:5:
In file included from /Users/jkbuha/Sources/FakeIrisXEFramebuffer/FakeIrisXEFramebuffer.hpp:15:
/Applications/Xcode.app/Contents/Developer/Platforms/MacOSX.platform/Developer/SDKs/MacOSX26.2.sdk/System/Library/Frameworks/Kernel.framework/Headers/IOKit/pci/IOPCIDevice.h:368:7: note: 'IOPCIDevice' has been explicitly marked deprecated here
  368 | class __kpi_deprecated("Use PCIDriverKit") IOPCIDevice : public IOService
      |       ^
In file included from /Users/jkbuha/Sources/FakeIrisXEFramebuffer/FakeIrisXEFramebuffer.cpp:5:
In file included from /Users/jkbuha/Sources/FakeIrisXEFramebuffer/FakeIrisXEFramebuffer.hpp:12:
In file included from /Applications/Xcode.app/Contents/Developer/Platforms/MacOSX.platform/Developer/SDKs/MacOSX26.2.sdk/System/Library/Frameworks/Kernel.framework/Headers/IOKit/IOService.h:44:
In file included from /Applications/Xcode.app/Contents/Developer/Platforms/MacOSX.platform/Developer/SDKs/MacOSX26.2.sdk/System/Library/Frameworks/Kernel.framework/Headers/IOKit/IORegistryEntry.h:39:
In file included from /Applications/Xcode.app/Contents/Developer/Platforms/MacOSX.platform/Developer/SDKs/MacOSX26.2.sdk/System/Library/Frameworks/Kernel.framework/Headers/IOKit/IOTypes.h:36:
/Applications/Xcode.app/Contents/Developer/Platforms/MacOSX.platform/Developer/SDKs/MacOSX26.2.sdk/System/Library/Frameworks/Kernel.framework/Headers/sys/cdefs.h:238:32: note: expanded from macro '__kpi_deprecated'
  238 | #define __kpi_deprecated(_msg) __deprecated_msg(_msg)
      |                                ^
/Applications/Xcode.app/Contents/Developer/Platforms/MacOSX.platform/Developer/SDKs/MacOSX26.2.sdk/System/Library/Frameworks/Kernel.framework/Headers/sys/cdefs.h:227:48: note: expanded from macro '__deprecated_msg'
  227 |         #define __deprecated_msg(_msg) __attribute__((__deprecated__(_msg)))
      |                                                       ^
In file included from /Users/jkbuha/Sources/FakeIrisXEFramebuffer/FakeIrisXEFramebuffer.cpp:5:
/Users/jkbuha/Sources/FakeIrisXEFramebuffer/FakeIrisXEFramebuffer.hpp:145:5: warning: 'IOPCIDevice' is deprecated: Use PCIDriverKit [-Wdeprecated-declarations]
  145 |     IOPCIDevice *       _pciDevice    = nullptr;
      |     ^
In file included from /Users/jkbuha/Sources/FakeIrisXEFramebuffer/FakeIrisXEFramebuffer.cpp:5:
In file included from /Users/jkbuha/Sources/FakeIrisXEFramebuffer/FakeIrisXEFramebuffer.hpp:15:
/Applications/Xcode.app/Contents/Developer/Platforms/MacOSX.platform/Developer/SDKs/MacOSX26.2.sdk/System/Library/Frameworks/Kernel.framework/Headers/IOKit/pci/IOPCIDevice.h:368:7: note: 'IOPCIDevice' has been explicitly marked deprecated here
  368 | class __kpi_deprecated("Use PCIDriverKit") IOPCIDevice : public IOService
      |       ^
In file included from /Users/jkbuha/Sources/FakeIrisXEFramebuffer/FakeIrisXEFramebuffer.cpp:5:
In file included from /Users/jkbuha/Sources/FakeIrisXEFramebuffer/FakeIrisXEFramebuffer.hpp:12:
In file included from /Applications/Xcode.app/Contents/Developer/Platforms/MacOSX.platform/Developer/SDKs/MacOSX26.2.sdk/System/Library/Frameworks/Kernel.framework/Headers/IOKit/IOService.h:44:
In file included from /Applications/Xcode.app/Contents/Developer/Platforms/MacOSX.platform/Developer/SDKs/MacOSX26.2.sdk/System/Library/Frameworks/Kernel.framework/Headers/IOKit/IORegistryEntry.h:39:
In file included from /Applications/Xcode.app/Contents/Developer/Platforms/MacOSX.platform/Developer/SDKs/MacOSX26.2.sdk/System/Library/Frameworks/Kernel.framework/Headers/IOKit/IOTypes.h:36:
/Applications/Xcode.app/Contents/Developer/Platforms/MacOSX.platform/Developer/SDKs/MacOSX26.2.sdk/System/Library/Frameworks/Kernel.framework/Headers/sys/cdefs.h:238:32: note: expanded from macro '__kpi_deprecated'
  238 | #define __kpi_deprecated(_msg) __deprecated_msg(_msg)
      |                                ^
/Applications/Xcode.app/Contents/Developer/Platforms/MacOSX.platform/Developer/SDKs/MacOSX26.2.sdk/System/Library/Frameworks/Kernel.framework/Headers/sys/cdefs.h:227:48: note: expanded from macro '__deprecated_msg'
  227 |         #define __deprecated_msg(_msg) __attribute__((__deprecated__(_msg)))
      |                                                       ^
/Users/jkbuha/Sources/FakeIrisXEFramebuffer/FakeIrisXEFramebuffer.cpp:47:32: warning: 'IOPCIDevice' is deprecated: Use PCIDriverKit [-Wdeprecated-declarations]
   47 |     _pciDevice = OSDynamicCast(IOPCIDevice, provider);
      |                                ^
In file included from /Users/jkbuha/Sources/FakeIrisXEFramebuffer/FakeIrisXEFramebuffer.cpp:5:
In file included from /Users/jkbuha/Sources/FakeIrisXEFramebuffer/FakeIrisXEFramebuffer.hpp:15:
/Applications/Xcode.app/Contents/Developer/Platforms/MacOSX.platform/Developer/SDKs/MacOSX26.2.sdk/System/Library/Frameworks/Kernel.framework/Headers/IOKit/pci/IOPCIDevice.h:368:7: note: 'IOPCIDevice' has been explicitly marked deprecated here
  368 | class __kpi_deprecated("Use PCIDriverKit") IOPCIDevice : public IOService
      |       ^
In file included from /Users/jkbuha/Sources/FakeIrisXEFramebuffer/FakeIrisXEFramebuffer.cpp:5:
In file included from /Users/jkbuha/Sources/FakeIrisXEFramebuffer/FakeIrisXEFramebuffer.hpp:12:
In file included from /Applications/Xcode.app/Contents/Developer/Platforms/MacOSX.platform/Developer/SDKs/MacOSX26.2.sdk/System/Library/Frameworks/Kernel.framework/Headers/IOKit/IOService.h:44:
In file included from /Applications/Xcode.app/Contents/Developer/Platforms/MacOSX.platform/Developer/SDKs/MacOSX26.2.sdk/System/Library/Frameworks/Kernel.framework/Headers/IOKit/IORegistryEntry.h:39:
In file included from /Applications/Xcode.app/Contents/Developer/Platforms/MacOSX.platform/Developer/SDKs/MacOSX26.2.sdk/System/Library/Frameworks/Kernel.framework/Headers/IOKit/IOTypes.h:36:
/Applications/Xcode.app/Contents/Developer/Platforms/MacOSX.platform/Developer/SDKs/MacOSX26.2.sdk/System/Library/Frameworks/Kernel.framework/Headers/sys/cdefs.h:238:32: note: expanded from macro '__kpi_deprecated'
  238 | #define __kpi_deprecated(_msg) __deprecated_msg(_msg)
      |                                ^
/Applications/Xcode.app/Contents/Developer/Platforms/MacOSX.platform/Developer/SDKs/MacOSX26.2.sdk/System/Library/Frameworks/Kernel.framework/Headers/sys/cdefs.h:227:48: note: expanded from macro '__deprecated_msg'
  227 |         #define __deprecated_msg(_msg) __attribute__((__deprecated__(_msg)))
      |                                                       ^
/Users/jkbuha/Sources/FakeIrisXEFramebuffer/FakeIrisXEFramebuffer.cpp:47:18: warning: 'IOPCIDevice' is deprecated: Use PCIDriverKit [-Wdeprecated-declarations]
   47 |     _pciDevice = OSDynamicCast(IOPCIDevice, provider);
      |                  ^
In file included from /Users/jkbuha/Sources/FakeIrisXEFramebuffer/FakeIrisXEFramebuffer.cpp:5:
In file included from /Users/jkbuha/Sources/FakeIrisXEFramebuffer/FakeIrisXEFramebuffer.hpp:12:
In file included from /Applications/Xcode.app/Contents/Developer/Platforms/MacOSX.platform/Developer/SDKs/MacOSX26.2.sdk/System/Library/Frameworks/Kernel.framework/Headers/IOKit/IOService.h:44:
In file included from /Applications/Xcode.app/Contents/Developer/Platforms/MacOSX.platform/Developer/SDKs/MacOSX26.2.sdk/System/Library/Frameworks/Kernel.framework/Headers/IOKit/IORegistryEntry.h:40:
In file included from /Applications/Xcode.app/Contents/Developer/Platforms/MacOSX.platform/Developer/SDKs/MacOSX26.2.sdk/System/Library/Frameworks/Kernel.framework/Headers/libkern/c++/OSContainers.h:33:
In file included from /Applications/Xcode.app/Contents/Developer/Platforms/MacOSX.platform/Developer/SDKs/MacOSX26.2.sdk/System/Library/Frameworks/Kernel.framework/Headers/libkern/c++/OSObject.h:37:
/Applications/Xcode.app/Contents/Developer/Platforms/MacOSX.platform/Developer/SDKs/MacOSX26.2.sdk/System/Library/Frameworks/Kernel.framework/Headers/libkern/c++/OSMetaClass.h:385:53: note: expanded from macro 'OSDynamicCast'
  385 |     ((type *) OSMetaClassBase::safeMetaCast((inst), OSTypeID(type)))
      |                                                     ^
/Applications/Xcode.app/Contents/Developer/Platforms/MacOSX.platform/Developer/SDKs/MacOSX26.2.sdk/System/Library/Frameworks/Kernel.framework/Headers/libkern/c++/OSMetaClass.h:325:31: note: expanded from macro 'OSTypeID'
  325 | #define OSTypeID(type)   (type::metaClass)
      |                               ^
In file included from /Users/jkbuha/Sources/FakeIrisXEFramebuffer/FakeIrisXEFramebuffer.cpp:5:
In file included from /Users/jkbuha/Sources/FakeIrisXEFramebuffer/FakeIrisXEFramebuffer.hpp:15:
/Applications/Xcode.app/Contents/Developer/Platforms/MacOSX.platform/Developer/SDKs/MacOSX26.2.sdk/System/Library/Frameworks/Kernel.framework/Headers/IOKit/pci/IOPCIDevice.h:368:7: note: 'IOPCIDevice' has been explicitly marked deprecated here
  368 | class __kpi_deprecated("Use PCIDriverKit") IOPCIDevice : public IOService
      |       ^
In file included from /Users/jkbuha/Sources/FakeIrisXEFramebuffer/FakeIrisXEFramebuffer.cpp:5:
In file included from /Users/jkbuha/Sources/FakeIrisXEFramebuffer/FakeIrisXEFramebuffer.hpp:12:
In file included from /Applications/Xcode.app/Contents/Developer/Platforms/MacOSX.platform/Developer/SDKs/MacOSX26.2.sdk/System/Library/Frameworks/Kernel.framework/Headers/IOKit/IOService.h:44:
In file included from /Applications/Xcode.app/Contents/Developer/Platforms/MacOSX.platform/Developer/SDKs/MacOSX26.2.sdk/System/Library/Frameworks/Kernel.framework/Headers/IOKit/IORegistryEntry.h:39:
In file included from /Applications/Xcode.app/Contents/Developer/Platforms/MacOSX.platform/Developer/SDKs/MacOSX26.2.sdk/System/Library/Frameworks/Kernel.framework/Headers/IOKit/IOTypes.h:36:
/Applications/Xcode.app/Contents/Developer/Platforms/MacOSX.platform/Developer/SDKs/MacOSX26.2.sdk/System/Library/Frameworks/Kernel.framework/Headers/sys/cdefs.h:238:32: note: expanded from macro '__kpi_deprecated'
  238 | #define __kpi_deprecated(_msg) __deprecated_msg(_msg)
      |                                ^
/Applications/Xcode.app/Contents/Developer/Platforms/MacOSX.platform/Developer/SDKs/MacOSX26.2.sdk/System/Library/Frameworks/Kernel.framework/Headers/sys/cdefs.h:227:48: note: expanded from macro '__deprecated_msg'
  227 |         #define __deprecated_msg(_msg) __attribute__((__deprecated__(_msg)))
      |                                                       ^
13 warnings generated.

CompileC /Users/jkbuha/Sources/FakeIrisXEFramebuffer/build/obj/FakeIrisXEFramebuffer.build/Debug/FakeIrisXEFramebuffer.build/Objects-normal/x86_64/FakeIrisXEExeclist.o /Users/jkbuha/Sources/FakeIrisXEFramebuffer/FakeIrisXEExeclist.cpp normal x86_64 c++ com.apple.compilers.llvm.clang.1_0.compiler (in target 'FakeIrisXEFramebuffer' from project 'FakeIrisXEFramebuffer')
    cd /Users/jkbuha/Sources/FakeIrisXEFramebuffer
    
    Using response file: /Users/jkbuha/Sources/FakeIrisXEFramebuffer/build/obj/FakeIrisXEFramebuffer.build/Debug/FakeIrisXEFramebuffer.build/Objects-normal/x86_64/82b82416624d2658e5098eb0a28c15c5-common-args.resp
    
    /Applications/Xcode.app/Contents/Developer/Toolchains/XcodeDefault.xctoolchain/usr/bin/clang -x c++ -ivfsstatcache /var/folders/32/r9chwqn148s0zssd6bl6ddz00000gn/C/com.apple.DeveloperTools/26.2-17C52/Xcode/SDKStatCaches.noindex/macosx26.2-25C57-00fa09913b459cbbc988d1f6730289ae.sdkstatcache -fmessage-length\=0 -fdiagnostics-show-note-include-stack -fmacro-backtrace-limit\=0 -fno-color-diagnostics -Wno-trigraphs -Wno-missing-field-initializers -Wno-missing-prototypes -Wno-return-type -Wno-non-virtual-dtor -Wno-overloaded-virtual -Wno-exit-time-destructors -Wno-missing-braces -Wparentheses -Wswitch -Wno-unused-function -Wno-unused-label -Wno-unused-parameter -Wunused-variable -Wunused-value -Wno-empty-body -Wno-uninitialized -Wno-unknown-pragmas -Wno-shadow -Wno-four-char-constants -Wno-conversion -Wno-constant-conversion -Wno-int-conversion -Wno-bool-conversion -Wno-enum-conversion -Wno-float-conversion -Wno-non-literal-null-conversion -Wno-objc-literal-conversion -Wshorten-64-to-32 -Wno-newline-eof -Wno-c++11-extensions -Wno-implicit-fallthrough -fstrict-aliasing -Wdeprecated-declarations -Winvalid-offsetof -Wno-sign-conversion -Wno-infinite-recursion -Wno-move -Wno-comma -Wno-block-capture-autoreleasing -Wno-strict-prototypes -Wno-range-loop-analysis -Wno-semicolon-before-method-body @/Users/jkbuha/Sources/FakeIrisXEFramebuffer/build/obj/FakeIrisXEFramebuffer.build/Debug/FakeIrisXEFramebuffer.build/Objects-normal/x86_64/82b82416624d2658e5098eb0a28c15c5-common-args.resp -MMD -MT dependencies -MF /Users/jkbuha/Sources/FakeIrisXEFramebuffer/build/obj/FakeIrisXEFramebuffer.build/Debug/FakeIrisXEFramebuffer.build/Objects-normal/x86_64/FakeIrisXEExeclist.d --serialize-diagnostics /Users/jkbuha/Sources/FakeIrisXEFramebuffer/build/obj/FakeIrisXEFramebuffer.build/Debug/FakeIrisXEFramebuffer.build/Objects-normal/x86_64/FakeIrisXEExeclist.dia -c /Users/jkbuha/Sources/FakeIrisXEFramebuffer/FakeIrisXEExeclist.cpp -o /Users/jkbuha/Sources/FakeIrisXEFramebuffer/build/obj/FakeIrisXEFramebuffer.build/Debug/FakeIrisXEFramebuffer.build/Objects-normal/x86_64/FakeIrisXEExeclist.o
In file included from /Users/jkbuha/Sources/FakeIrisXEFramebuffer/FakeIrisXEExeclist.cpp:7:
In file included from /Users/jkbuha/Sources/FakeIrisXEFramebuffer/FakeIrisXEFramebuffer.hpp:15:
/Applications/Xcode.app/Contents/Developer/Platforms/MacOSX.platform/Developer/SDKs/MacOSX26.2.sdk/System/Library/Frameworks/Kernel.framework/Headers/IOKit/pci/IOPCIDevice.h:412:18: warning: 'handleOpen' overrides a member function but is not marked 'override' [-Winconsistent-missing-override]
  412 |     virtual bool handleOpen(IOService * forClient, IOOptionBits options, void * arg);
      |                  ^
In file included from /Users/jkbuha/Sources/FakeIrisXEFramebuffer/FakeIrisXEExeclist.cpp:6:
In file included from /Users/jkbuha/Sources/FakeIrisXEFramebuffer/FakeIrisXEExeclist.hpp:17:
/Applications/Xcode.app/Contents/Developer/Platforms/MacOSX.platform/Developer/SDKs/MacOSX26.2.sdk/System/Library/Frameworks/Kernel.framework/Headers/IOKit/IOService.h:660:15: note: overridden virtual function is here
  660 |         virtual bool handleOpen(    IOService *   forClient,
      |                      ^
In file included from /Users/jkbuha/Sources/FakeIrisXEFramebuffer/FakeIrisXEExeclist.cpp:7:
In file included from /Users/jkbuha/Sources/FakeIrisXEFramebuffer/FakeIrisXEFramebuffer.hpp:15:
/Applications/Xcode.app/Contents/Developer/Platforms/MacOSX.platform/Developer/SDKs/MacOSX26.2.sdk/System/Library/Frameworks/Kernel.framework/Headers/IOKit/pci/IOPCIDevice.h:413:18: warning: 'handleClose' overrides a member function but is not marked 'override' [-Winconsistent-missing-override]
  413 |     virtual void handleClose(IOService * forClient, IOOptionBits options);
      |                  ^
In file included from /Users/jkbuha/Sources/FakeIrisXEFramebuffer/FakeIrisXEExeclist.cpp:6:
In file included from /Users/jkbuha/Sources/FakeIrisXEFramebuffer/FakeIrisXEExeclist.hpp:17:
/Applications/Xcode.app/Contents/Developer/Platforms/MacOSX.platform/Developer/SDKs/MacOSX26.2.sdk/System/Library/Frameworks/Kernel.framework/Headers/IOKit/IOService.h:670:15: note: overridden virtual function is here
  670 |         virtual void handleClose(   IOService *       forClient,
      |                      ^
In file included from /Users/jkbuha/Sources/FakeIrisXEFramebuffer/FakeIrisXEExeclist.cpp:7:
In file included from /Users/jkbuha/Sources/FakeIrisXEFramebuffer/FakeIrisXEFramebuffer.hpp:15:
/Applications/Xcode.app/Contents/Developer/Platforms/MacOSX.platform/Developer/SDKs/MacOSX26.2.sdk/System/Library/Frameworks/Kernel.framework/Headers/IOKit/pci/IOPCIDevice.h:1111:15: warning: 'setProperty' overrides a member function but is not marked 'override' [-Winconsistent-missing-override]
 1111 |         virtual bool setProperty(const OSSymbol * aKey, OSObject * anObject);
      |                      ^
In file included from /Users/jkbuha/Sources/FakeIrisXEFramebuffer/FakeIrisXEExeclist.cpp:6:
In file included from /Users/jkbuha/Sources/FakeIrisXEFramebuffer/FakeIrisXEExeclist.hpp:17:
In file included from /Applications/Xcode.app/Contents/Developer/Platforms/MacOSX.platform/Developer/SDKs/MacOSX26.2.sdk/System/Library/Frameworks/Kernel.framework/Headers/IOKit/IOService.h:44:
/Applications/Xcode.app/Contents/Developer/Platforms/MacOSX.platform/Developer/SDKs/MacOSX26.2.sdk/System/Library/Frameworks/Kernel.framework/Headers/IOKit/IORegistryEntry.h:298:15: note: overridden virtual function is here
  298 |         virtual bool setProperty(const OSSymbol * aKey,
      |                      ^
In file included from /Users/jkbuha/Sources/FakeIrisXEFramebuffer/FakeIrisXEExeclist.cpp:7:
In file included from /Users/jkbuha/Sources/FakeIrisXEFramebuffer/FakeIrisXEFramebuffer.hpp:15:
/Applications/Xcode.app/Contents/Developer/Platforms/MacOSX.platform/Developer/SDKs/MacOSX26.2.sdk/System/Library/Frameworks/Kernel.framework/Headers/IOKit/pci/IOPCIDevice.h:1112:15: warning: 'setProperty' overrides a member function but is not marked 'override' [-Winconsistent-missing-override]
 1112 |         virtual bool setProperty(const OSString * aKey, OSObject * anObject);
      |                      ^
In file included from /Users/jkbuha/Sources/FakeIrisXEFramebuffer/FakeIrisXEExeclist.cpp:6:
In file included from /Users/jkbuha/Sources/FakeIrisXEFramebuffer/FakeIrisXEExeclist.hpp:17:
In file included from /Applications/Xcode.app/Contents/Developer/Platforms/MacOSX.platform/Developer/SDKs/MacOSX26.2.sdk/System/Library/Frameworks/Kernel.framework/Headers/IOKit/IOService.h:44:
/Applications/Xcode.app/Contents/Developer/Platforms/MacOSX.platform/Developer/SDKs/MacOSX26.2.sdk/System/Library/Frameworks/Kernel.framework/Headers/IOKit/IORegistryEntry.h:309:15: note: overridden virtual function is here
  309 |         virtual bool setProperty(const OSString * aKey, OSObject * anObject);
      |                      ^
In file included from /Users/jkbuha/Sources/FakeIrisXEFramebuffer/FakeIrisXEExeclist.cpp:7:
In file included from /Users/jkbuha/Sources/FakeIrisXEFramebuffer/FakeIrisXEFramebuffer.hpp:15:
/Applications/Xcode.app/Contents/Developer/Platforms/MacOSX.platform/Developer/SDKs/MacOSX26.2.sdk/System/Library/Frameworks/Kernel.framework/Headers/IOKit/pci/IOPCIDevice.h:1113:15: warning: 'setProperty' overrides a member function but is not marked 'override' [-Winconsistent-missing-override]
 1113 |         virtual bool setProperty(const char * aKey, OSObject * anObject);
      |                      ^
In file included from /Users/jkbuha/Sources/FakeIrisXEFramebuffer/FakeIrisXEExeclist.cpp:6:
In file included from /Users/jkbuha/Sources/FakeIrisXEFramebuffer/FakeIrisXEExeclist.hpp:17:
In file included from /Applications/Xcode.app/Contents/Developer/Platforms/MacOSX.platform/Developer/SDKs/MacOSX26.2.sdk/System/Library/Frameworks/Kernel.framework/Headers/IOKit/IOService.h:44:
/Applications/Xcode.app/Contents/Developer/Platforms/MacOSX.platform/Developer/SDKs/MacOSX26.2.sdk/System/Library/Frameworks/Kernel.framework/Headers/IOKit/IORegistryEntry.h:318:15: note: overridden virtual function is here
  318 |         virtual bool setProperty(const char * aKey, OSObject * anObject);
      |                      ^
In file included from /Users/jkbuha/Sources/FakeIrisXEFramebuffer/FakeIrisXEExeclist.cpp:7:
In file included from /Users/jkbuha/Sources/FakeIrisXEFramebuffer/FakeIrisXEFramebuffer.hpp:15:
/Applications/Xcode.app/Contents/Developer/Platforms/MacOSX.platform/Developer/SDKs/MacOSX26.2.sdk/System/Library/Frameworks/Kernel.framework/Headers/IOKit/pci/IOPCIDevice.h:1114:15: warning: 'setProperty' overrides a member function but is not marked 'override' [-Winconsistent-missing-override]
 1114 |         virtual bool setProperty(const char * aKey, const char * aString);
      |                      ^
In file included from /Users/jkbuha/Sources/FakeIrisXEFramebuffer/FakeIrisXEExeclist.cpp:6:
In file included from /Users/jkbuha/Sources/FakeIrisXEFramebuffer/FakeIrisXEExeclist.hpp:17:
In file included from /Applications/Xcode.app/Contents/Developer/Platforms/MacOSX.platform/Developer/SDKs/MacOSX26.2.sdk/System/Library/Frameworks/Kernel.framework/Headers/IOKit/IOService.h:44:
/Applications/Xcode.app/Contents/Developer/Platforms/MacOSX.platform/Developer/SDKs/MacOSX26.2.sdk/System/Library/Frameworks/Kernel.framework/Headers/IOKit/IORegistryEntry.h:327:15: note: overridden virtual function is here
  327 |         virtual bool setProperty(const char * aKey, const char * aString);
      |                      ^
In file included from /Users/jkbuha/Sources/FakeIrisXEFramebuffer/FakeIrisXEExeclist.cpp:7:
In file included from /Users/jkbuha/Sources/FakeIrisXEFramebuffer/FakeIrisXEFramebuffer.hpp:15:
/Applications/Xcode.app/Contents/Developer/Platforms/MacOSX.platform/Developer/SDKs/MacOSX26.2.sdk/System/Library/Frameworks/Kernel.framework/Headers/IOKit/pci/IOPCIDevice.h:1115:15: warning: 'setProperty' overrides a member function but is not marked 'override' [-Winconsistent-missing-override]
 1115 |         virtual bool setProperty(const char * aKey, bool aBoolean);
      |                      ^
In file included from /Users/jkbuha/Sources/FakeIrisXEFramebuffer/FakeIrisXEExeclist.cpp:6:
In file included from /Users/jkbuha/Sources/FakeIrisXEFramebuffer/FakeIrisXEExeclist.hpp:17:
In file included from /Applications/Xcode.app/Contents/Developer/Platforms/MacOSX.platform/Developer/SDKs/MacOSX26.2.sdk/System/Library/Frameworks/Kernel.framework/Headers/IOKit/IOService.h:44:
/Applications/Xcode.app/Contents/Developer/Platforms/MacOSX.platform/Developer/SDKs/MacOSX26.2.sdk/System/Library/Frameworks/Kernel.framework/Headers/IOKit/IORegistryEntry.h:336:15: note: overridden virtual function is here
  336 |         virtual bool setProperty(const char * aKey, bool aBoolean);
      |                      ^
In file included from /Users/jkbuha/Sources/FakeIrisXEFramebuffer/FakeIrisXEExeclist.cpp:7:
In file included from /Users/jkbuha/Sources/FakeIrisXEFramebuffer/FakeIrisXEFramebuffer.hpp:15:
/Applications/Xcode.app/Contents/Developer/Platforms/MacOSX.platform/Developer/SDKs/MacOSX26.2.sdk/System/Library/Frameworks/Kernel.framework/Headers/IOKit/pci/IOPCIDevice.h:1116:15: warning: 'setProperty' overrides a member function but is not marked 'override' [-Winconsistent-missing-override]
 1116 |         virtual bool setProperty(const char * aKey, unsigned long long aValue, unsigned int aNumberOfBits);
      |                      ^
In file included from /Users/jkbuha/Sources/FakeIrisXEFramebuffer/FakeIrisXEExeclist.cpp:6:
In file included from /Users/jkbuha/Sources/FakeIrisXEFramebuffer/FakeIrisXEExeclist.hpp:17:
In file included from /Applications/Xcode.app/Contents/Developer/Platforms/MacOSX.platform/Developer/SDKs/MacOSX26.2.sdk/System/Library/Frameworks/Kernel.framework/Headers/IOKit/IOService.h:44:
/Applications/Xcode.app/Contents/Developer/Platforms/MacOSX.platform/Developer/SDKs/MacOSX26.2.sdk/System/Library/Frameworks/Kernel.framework/Headers/IOKit/IORegistryEntry.h:346:15: note: overridden virtual function is here
  346 |         virtual bool setProperty( const char *       aKey,
      |                      ^
In file included from /Users/jkbuha/Sources/FakeIrisXEFramebuffer/FakeIrisXEExeclist.cpp:7:
In file included from /Users/jkbuha/Sources/FakeIrisXEFramebuffer/FakeIrisXEFramebuffer.hpp:15:
/Applications/Xcode.app/Contents/Developer/Platforms/MacOSX.platform/Developer/SDKs/MacOSX26.2.sdk/System/Library/Frameworks/Kernel.framework/Headers/IOKit/pci/IOPCIDevice.h:1117:15: warning: 'setProperty' overrides a member function but is not marked 'override' [-Winconsistent-missing-override]
 1117 |         virtual bool setProperty(const char * aKey, void * bytes, unsigned int length);
      |                      ^
In file included from /Users/jkbuha/Sources/FakeIrisXEFramebuffer/FakeIrisXEExeclist.cpp:6:
In file included from /Users/jkbuha/Sources/FakeIrisXEFramebuffer/FakeIrisXEExeclist.hpp:17:
In file included from /Applications/Xcode.app/Contents/Developer/Platforms/MacOSX.platform/Developer/SDKs/MacOSX26.2.sdk/System/Library/Frameworks/Kernel.framework/Headers/IOKit/IOService.h:44:
/Applications/Xcode.app/Contents/Developer/Platforms/MacOSX.platform/Developer/SDKs/MacOSX26.2.sdk/System/Library/Frameworks/Kernel.framework/Headers/IOKit/IORegistryEntry.h:358:15: note: overridden virtual function is here
  358 |         virtual bool setProperty( const char *       aKey,
      |                      ^
In file included from /Users/jkbuha/Sources/FakeIrisXEFramebuffer/FakeIrisXEExeclist.cpp:7:
/Users/jkbuha/Sources/FakeIrisXEFramebuffer/FakeIrisXEFramebuffer.hpp:120:5: warning: 'IOPCIDevice' is deprecated: Use PCIDriverKit [-Wdeprecated-declarations]
  120 |     IOPCIDevice *       getPCIDevice()  { return _pciDevice; }
      |     ^
In file included from /Users/jkbuha/Sources/FakeIrisXEFramebuffer/FakeIrisXEExeclist.cpp:7:
In file included from /Users/jkbuha/Sources/FakeIrisXEFramebuffer/FakeIrisXEFramebuffer.hpp:15:
/Applications/Xcode.app/Contents/Developer/Platforms/MacOSX.platform/Developer/SDKs/MacOSX26.2.sdk/System/Library/Frameworks/Kernel.framework/Headers/IOKit/pci/IOPCIDevice.h:368:7: note: 'IOPCIDevice' has been explicitly marked deprecated here
  368 | class __kpi_deprecated("Use PCIDriverKit") IOPCIDevice : public IOService
      |       ^
In file included from /Users/jkbuha/Sources/FakeIrisXEFramebuffer/FakeIrisXEExeclist.cpp:6:
In file included from /Users/jkbuha/Sources/FakeIrisXEFramebuffer/FakeIrisXEExeclist.hpp:17:
In file included from /Applications/Xcode.app/Contents/Developer/Platforms/MacOSX.platform/Developer/SDKs/MacOSX26.2.sdk/System/Library/Frameworks/Kernel.framework/Headers/IOKit/IOService.h:44:
In file included from /Applications/Xcode.app/Contents/Developer/Platforms/MacOSX.platform/Developer/SDKs/MacOSX26.2.sdk/System/Library/Frameworks/Kernel.framework/Headers/IOKit/IORegistryEntry.h:39:
In file included from /Applications/Xcode.app/Contents/Developer/Platforms/MacOSX.platform/Developer/SDKs/MacOSX26.2.sdk/System/Library/Frameworks/Kernel.framework/Headers/IOKit/IOTypes.h:36:
/Applications/Xcode.app/Contents/Developer/Platforms/MacOSX.platform/Developer/SDKs/MacOSX26.2.sdk/System/Library/Frameworks/Kernel.framework/Headers/sys/cdefs.h:238:32: note: expanded from macro '__kpi_deprecated'
  238 | #define __kpi_deprecated(_msg) __deprecated_msg(_msg)
      |                                ^
/Applications/Xcode.app/Contents/Developer/Platforms/MacOSX.platform/Developer/SDKs/MacOSX26.2.sdk/System/Library/Frameworks/Kernel.framework/Headers/sys/cdefs.h:227:48: note: expanded from macro '__deprecated_msg'
  227 |         #define __deprecated_msg(_msg) __attribute__((__deprecated__(_msg)))
      |                                                       ^
In file included from /Users/jkbuha/Sources/FakeIrisXEFramebuffer/FakeIrisXEExeclist.cpp:7:
/Users/jkbuha/Sources/FakeIrisXEFramebuffer/FakeIrisXEFramebuffer.hpp:145:5: warning: 'IOPCIDevice' is deprecated: Use PCIDriverKit [-Wdeprecated-declarations]
  145 |     IOPCIDevice *       _pciDevice    = nullptr;
      |     ^
In file included from /Users/jkbuha/Sources/FakeIrisXEFramebuffer/FakeIrisXEExeclist.cpp:7:
In file included from /Users/jkbuha/Sources/FakeIrisXEFramebuffer/FakeIrisXEFramebuffer.hpp:15:
/Applications/Xcode.app/Contents/Developer/Platforms/MacOSX.platform/Developer/SDKs/MacOSX26.2.sdk/System/Library/Frameworks/Kernel.framework/Headers/IOKit/pci/IOPCIDevice.h:368:7: note: 'IOPCIDevice' has been explicitly marked deprecated here
  368 | class __kpi_deprecated("Use PCIDriverKit") IOPCIDevice : public IOService
      |       ^
In file included from /Users/jkbuha/Sources/FakeIrisXEFramebuffer/FakeIrisXEExeclist.cpp:6:
In file included from /Users/jkbuha/Sources/FakeIrisXEFramebuffer/FakeIrisXEExeclist.hpp:17:
In file included from /Applications/Xcode.app/Contents/Developer/Platforms/MacOSX.platform/Developer/SDKs/MacOSX26.2.sdk/System/Library/Frameworks/Kernel.framework/Headers/IOKit/IOService.h:44:
In file included from /Applications/Xcode.app/Contents/Developer/Platforms/MacOSX.platform/Developer/SDKs/MacOSX26.2.sdk/System/Library/Frameworks/Kernel.framework/Headers/IOKit/IORegistryEntry.h:39:
In file included from /Applications/Xcode.app/Contents/Developer/Platforms/MacOSX.platform/Developer/SDKs/MacOSX26.2.sdk/System/Library/Frameworks/Kernel.framework/Headers/IOKit/IOTypes.h:36:
/Applications/Xcode.app/Contents/Developer/Platforms/MacOSX.platform/Developer/SDKs/MacOSX26.2.sdk/System/Library/Frameworks/Kernel.framework/Headers/sys/cdefs.h:238:32: note: expanded from macro '__kpi_deprecated'
  238 | #define __kpi_deprecated(_msg) __deprecated_msg(_msg)
      |                                ^
/Applications/Xcode.app/Contents/Developer/Platforms/MacOSX.platform/Developer/SDKs/MacOSX26.2.sdk/System/Library/Frameworks/Kernel.framework/Headers/sys/cdefs.h:227:48: note: expanded from macro '__deprecated_msg'
  227 |         #define __deprecated_msg(_msg) __attribute__((__deprecated__(_msg)))
      |                                                       ^
11 warnings generated.

CompileC /Users/jkbuha/Sources/FakeIrisXEFramebuffer/build/obj/FakeIrisXEFramebuffer.build/Debug/FakeIrisXEFramebuffer.build/Objects-normal/x86_64/FakeIrisXEAccelerator.o /Users/jkbuha/Sources/FakeIrisXEFramebuffer/FakeIrisXEAccelerator.cpp normal x86_64 c++ com.apple.compilers.llvm.clang.1_0.compiler (in target 'FakeIrisXEFramebuffer' from project 'FakeIrisXEFramebuffer')
    cd /Users/jkbuha/Sources/FakeIrisXEFramebuffer
    
    Using response file: /Users/jkbuha/Sources/FakeIrisXEFramebuffer/build/obj/FakeIrisXEFramebuffer.build/Debug/FakeIrisXEFramebuffer.build/Objects-normal/x86_64/82b82416624d2658e5098eb0a28c15c5-common-args.resp
    
    /Applications/Xcode.app/Contents/Developer/Toolchains/XcodeDefault.xctoolchain/usr/bin/clang -x c++ -ivfsstatcache /var/folders/32/r9chwqn148s0zssd6bl6ddz00000gn/C/com.apple.DeveloperTools/26.2-17C52/Xcode/SDKStatCaches.noindex/macosx26.2-25C57-00fa09913b459cbbc988d1f6730289ae.sdkstatcache -fmessage-length\=0 -fdiagnostics-show-note-include-stack -fmacro-backtrace-limit\=0 -fno-color-diagnostics -Wno-trigraphs -Wno-missing-field-initializers -Wno-missing-prototypes -Wno-return-type -Wno-non-virtual-dtor -Wno-overloaded-virtual -Wno-exit-time-destructors -Wno-missing-braces -Wparentheses -Wswitch -Wno-unused-function -Wno-unused-label -Wno-unused-parameter -Wunused-variable -Wunused-value -Wno-empty-body -Wno-uninitialized -Wno-unknown-pragmas -Wno-shadow -Wno-four-char-constants -Wno-conversion -Wno-constant-conversion -Wno-int-conversion -Wno-bool-conversion -Wno-enum-conversion -Wno-float-conversion -Wno-non-literal-null-conversion -Wno-objc-literal-conversion -Wshorten-64-to-32 -Wno-newline-eof -Wno-c++11-extensions -Wno-implicit-fallthrough -fstrict-aliasing -Wdeprecated-declarations -Winvalid-offsetof -Wno-sign-conversion -Wno-infinite-recursion -Wno-move -Wno-comma -Wno-block-capture-autoreleasing -Wno-strict-prototypes -Wno-range-loop-analysis -Wno-semicolon-before-method-body @/Users/jkbuha/Sources/FakeIrisXEFramebuffer/build/obj/FakeIrisXEFramebuffer.build/Debug/FakeIrisXEFramebuffer.build/Objects-normal/x86_64/82b82416624d2658e5098eb0a28c15c5-common-args.resp -MMD -MT dependencies -MF /Users/jkbuha/Sources/FakeIrisXEFramebuffer/build/obj/FakeIrisXEFramebuffer.build/Debug/FakeIrisXEFramebuffer.build/Objects-normal/x86_64/FakeIrisXEAccelerator.d --serialize-diagnostics /Users/jkbuha/Sources/FakeIrisXEFramebuffer/build/obj/FakeIrisXEFramebuffer.build/Debug/FakeIrisXEFramebuffer.build/Objects-normal/x86_64/FakeIrisXEAccelerator.dia -c /Users/jkbuha/Sources/FakeIrisXEFramebuffer/FakeIrisXEAccelerator.cpp -o /Users/jkbuha/Sources/FakeIrisXEFramebuffer/build/obj/FakeIrisXEFramebuffer.build/Debug/FakeIrisXEFramebuffer.build/Objects-normal/x86_64/FakeIrisXEAccelerator.o
In file included from /Users/jkbuha/Sources/FakeIrisXEFramebuffer/FakeIrisXEAccelerator.cpp:3:
In file included from /Users/jkbuha/Sources/FakeIrisXEFramebuffer/FakeIrisXEFramebuffer.hpp:15:
/Applications/Xcode.app/Contents/Developer/Platforms/MacOSX.platform/Developer/SDKs/MacOSX26.2.sdk/System/Library/Frameworks/Kernel.framework/Headers/IOKit/pci/IOPCIDevice.h:412:18: warning: 'handleOpen' overrides a member function but is not marked 'override' [-Winconsistent-missing-override]
  412 |     virtual bool handleOpen(IOService * forClient, IOOptionBits options, void * arg);
      |                  ^
In file included from /Users/jkbuha/Sources/FakeIrisXEFramebuffer/FakeIrisXEAccelerator.cpp:2:
In file included from /Users/jkbuha/Sources/FakeIrisXEFramebuffer/FakeIrisXEAccelerator.hpp:4:
/Applications/Xcode.app/Contents/Developer/Platforms/MacOSX.platform/Developer/SDKs/MacOSX26.2.sdk/System/Library/Frameworks/Kernel.framework/Headers/IOKit/IOService.h:660:15: note: overridden virtual function is here
  660 |         virtual bool handleOpen(    IOService *   forClient,
      |                      ^
In file included from /Users/jkbuha/Sources/FakeIrisXEFramebuffer/FakeIrisXEAccelerator.cpp:3:
In file included from /Users/jkbuha/Sources/FakeIrisXEFramebuffer/FakeIrisXEFramebuffer.hpp:15:
/Applications/Xcode.app/Contents/Developer/Platforms/MacOSX.platform/Developer/SDKs/MacOSX26.2.sdk/System/Library/Frameworks/Kernel.framework/Headers/IOKit/pci/IOPCIDevice.h:413:18: warning: 'handleClose' overrides a member function but is not marked 'override' [-Winconsistent-missing-override]
  413 |     virtual void handleClose(IOService * forClient, IOOptionBits options);
      |                  ^
In file included from /Users/jkbuha/Sources/FakeIrisXEFramebuffer/FakeIrisXEAccelerator.cpp:2:
In file included from /Users/jkbuha/Sources/FakeIrisXEFramebuffer/FakeIrisXEAccelerator.hpp:4:
/Applications/Xcode.app/Contents/Developer/Platforms/MacOSX.platform/Developer/SDKs/MacOSX26.2.sdk/System/Library/Frameworks/Kernel.framework/Headers/IOKit/IOService.h:670:15: note: overridden virtual function is here
  670 |         virtual void handleClose(   IOService *       forClient,
      |                      ^
In file included from /Users/jkbuha/Sources/FakeIrisXEFramebuffer/FakeIrisXEAccelerator.cpp:3:
In file included from /Users/jkbuha/Sources/FakeIrisXEFramebuffer/FakeIrisXEFramebuffer.hpp:15:
/Applications/Xcode.app/Contents/Developer/Platforms/MacOSX.platform/Developer/SDKs/MacOSX26.2.sdk/System/Library/Frameworks/Kernel.framework/Headers/IOKit/pci/IOPCIDevice.h:1111:15: warning: 'setProperty' overrides a member function but is not marked 'override' [-Winconsistent-missing-override]
 1111 |         virtual bool setProperty(const OSSymbol * aKey, OSObject * anObject);
      |                      ^
In file included from /Users/jkbuha/Sources/FakeIrisXEFramebuffer/FakeIrisXEAccelerator.cpp:2:
In file included from /Users/jkbuha/Sources/FakeIrisXEFramebuffer/FakeIrisXEAccelerator.hpp:4:
In file included from /Applications/Xcode.app/Contents/Developer/Platforms/MacOSX.platform/Developer/SDKs/MacOSX26.2.sdk/System/Library/Frameworks/Kernel.framework/Headers/IOKit/IOService.h:44:
/Applications/Xcode.app/Contents/Developer/Platforms/MacOSX.platform/Developer/SDKs/MacOSX26.2.sdk/System/Library/Frameworks/Kernel.framework/Headers/IOKit/IORegistryEntry.h:298:15: note: overridden virtual function is here
  298 |         virtual bool setProperty(const OSSymbol * aKey,
      |                      ^
In file included from /Users/jkbuha/Sources/FakeIrisXEFramebuffer/FakeIrisXEAccelerator.cpp:3:
In file included from /Users/jkbuha/Sources/FakeIrisXEFramebuffer/FakeIrisXEFramebuffer.hpp:15:
/Applications/Xcode.app/Contents/Developer/Platforms/MacOSX.platform/Developer/SDKs/MacOSX26.2.sdk/System/Library/Frameworks/Kernel.framework/Headers/IOKit/pci/IOPCIDevice.h:1112:15: warning: 'setProperty' overrides a member function but is not marked 'override' [-Winconsistent-missing-override]
 1112 |         virtual bool setProperty(const OSString * aKey, OSObject * anObject);
      |                      ^
In file included from /Users/jkbuha/Sources/FakeIrisXEFramebuffer/FakeIrisXEAccelerator.cpp:2:
In file included from /Users/jkbuha/Sources/FakeIrisXEFramebuffer/FakeIrisXEAccelerator.hpp:4:
In file included from /Applications/Xcode.app/Contents/Developer/Platforms/MacOSX.platform/Developer/SDKs/MacOSX26.2.sdk/System/Library/Frameworks/Kernel.framework/Headers/IOKit/IOService.h:44:
/Applications/Xcode.app/Contents/Developer/Platforms/MacOSX.platform/Developer/SDKs/MacOSX26.2.sdk/System/Library/Frameworks/Kernel.framework/Headers/IOKit/IORegistryEntry.h:309:15: note: overridden virtual function is here
  309 |         virtual bool setProperty(const OSString * aKey, OSObject * anObject);
      |                      ^
In file included from /Users/jkbuha/Sources/FakeIrisXEFramebuffer/FakeIrisXEAccelerator.cpp:3:
In file included from /Users/jkbuha/Sources/FakeIrisXEFramebuffer/FakeIrisXEFramebuffer.hpp:15:
/Applications/Xcode.app/Contents/Developer/Platforms/MacOSX.platform/Developer/SDKs/MacOSX26.2.sdk/System/Library/Frameworks/Kernel.framework/Headers/IOKit/pci/IOPCIDevice.h:1113:15: warning: 'setProperty' overrides a member function but is not marked 'override' [-Winconsistent-missing-override]
 1113 |         virtual bool setProperty(const char * aKey, OSObject * anObject);
      |                      ^
In file included from /Users/jkbuha/Sources/FakeIrisXEFramebuffer/FakeIrisXEAccelerator.cpp:2:
In file included from /Users/jkbuha/Sources/FakeIrisXEFramebuffer/FakeIrisXEAccelerator.hpp:4:
In file included from /Applications/Xcode.app/Contents/Developer/Platforms/MacOSX.platform/Developer/SDKs/MacOSX26.2.sdk/System/Library/Frameworks/Kernel.framework/Headers/IOKit/IOService.h:44:
/Applications/Xcode.app/Contents/Developer/Platforms/MacOSX.platform/Developer/SDKs/MacOSX26.2.sdk/System/Library/Frameworks/Kernel.framework/Headers/IOKit/IORegistryEntry.h:318:15: note: overridden virtual function is here
  318 |         virtual bool setProperty(const char * aKey, OSObject * anObject);
      |                      ^
In file included from /Users/jkbuha/Sources/FakeIrisXEFramebuffer/FakeIrisXEAccelerator.cpp:3:
In file included from /Users/jkbuha/Sources/FakeIrisXEFramebuffer/FakeIrisXEFramebuffer.hpp:15:
/Applications/Xcode.app/Contents/Developer/Platforms/MacOSX.platform/Developer/SDKs/MacOSX26.2.sdk/System/Library/Frameworks/Kernel.framework/Headers/IOKit/pci/IOPCIDevice.h:1114:15: warning: 'setProperty' overrides a member function but is not marked 'override' [-Winconsistent-missing-override]
 1114 |         virtual bool setProperty(const char * aKey, const char * aString);
      |                      ^
In file included from /Users/jkbuha/Sources/FakeIrisXEFramebuffer/FakeIrisXEAccelerator.cpp:2:
In file included from /Users/jkbuha/Sources/FakeIrisXEFramebuffer/FakeIrisXEAccelerator.hpp:4:
In file included from /Applications/Xcode.app/Contents/Developer/Platforms/MacOSX.platform/Developer/SDKs/MacOSX26.2.sdk/System/Library/Frameworks/Kernel.framework/Headers/IOKit/IOService.h:44:
/Applications/Xcode.app/Contents/Developer/Platforms/MacOSX.platform/Developer/SDKs/MacOSX26.2.sdk/System/Library/Frameworks/Kernel.framework/Headers/IOKit/IORegistryEntry.h:327:15: note: overridden virtual function is here
  327 |         virtual bool setProperty(const char * aKey, const char * aString);
      |                      ^
In file included from /Users/jkbuha/Sources/FakeIrisXEFramebuffer/FakeIrisXEAccelerator.cpp:3:
In file included from /Users/jkbuha/Sources/FakeIrisXEFramebuffer/FakeIrisXEFramebuffer.hpp:15:
/Applications/Xcode.app/Contents/Developer/Platforms/MacOSX.platform/Developer/SDKs/MacOSX26.2.sdk/System/Library/Frameworks/Kernel.framework/Headers/IOKit/pci/IOPCIDevice.h:1115:15: warning: 'setProperty' overrides a member function but is not marked 'override' [-Winconsistent-missing-override]
 1115 |         virtual bool setProperty(const char * aKey, bool aBoolean);
      |                      ^
In file included from /Users/jkbuha/Sources/FakeIrisXEFramebuffer/FakeIrisXEAccelerator.cpp:2:
In file included from /Users/jkbuha/Sources/FakeIrisXEFramebuffer/FakeIrisXEAccelerator.hpp:4:
In file included from /Applications/Xcode.app/Contents/Developer/Platforms/MacOSX.platform/Developer/SDKs/MacOSX26.2.sdk/System/Library/Frameworks/Kernel.framework/Headers/IOKit/IOService.h:44:
/Applications/Xcode.app/Contents/Developer/Platforms/MacOSX.platform/Developer/SDKs/MacOSX26.2.sdk/System/Library/Frameworks/Kernel.framework/Headers/IOKit/IORegistryEntry.h:336:15: note: overridden virtual function is here
  336 |         virtual bool setProperty(const char * aKey, bool aBoolean);
      |                      ^
In file included from /Users/jkbuha/Sources/FakeIrisXEFramebuffer/FakeIrisXEAccelerator.cpp:3:
In file included from /Users/jkbuha/Sources/FakeIrisXEFramebuffer/FakeIrisXEFramebuffer.hpp:15:
/Applications/Xcode.app/Contents/Developer/Platforms/MacOSX.platform/Developer/SDKs/MacOSX26.2.sdk/System/Library/Frameworks/Kernel.framework/Headers/IOKit/pci/IOPCIDevice.h:1116:15: warning: 'setProperty' overrides a member function but is not marked 'override' [-Winconsistent-missing-override]
 1116 |         virtual bool setProperty(const char * aKey, unsigned long long aValue, unsigned int aNumberOfBits);
      |                      ^
In file included from /Users/jkbuha/Sources/FakeIrisXEFramebuffer/FakeIrisXEAccelerator.cpp:2:
In file included from /Users/jkbuha/Sources/FakeIrisXEFramebuffer/FakeIrisXEAccelerator.hpp:4:
In file included from /Applications/Xcode.app/Contents/Developer/Platforms/MacOSX.platform/Developer/SDKs/MacOSX26.2.sdk/System/Library/Frameworks/Kernel.framework/Headers/IOKit/IOService.h:44:
/Applications/Xcode.app/Contents/Developer/Platforms/MacOSX.platform/Developer/SDKs/MacOSX26.2.sdk/System/Library/Frameworks/Kernel.framework/Headers/IOKit/IORegistryEntry.h:346:15: note: overridden virtual function is here
  346 |         virtual bool setProperty( const char *       aKey,
      |                      ^
In file included from /Users/jkbuha/Sources/FakeIrisXEFramebuffer/FakeIrisXEAccelerator.cpp:3:
In file included from /Users/jkbuha/Sources/FakeIrisXEFramebuffer/FakeIrisXEFramebuffer.hpp:15:
/Applications/Xcode.app/Contents/Developer/Platforms/MacOSX.platform/Developer/SDKs/MacOSX26.2.sdk/System/Library/Frameworks/Kernel.framework/Headers/IOKit/pci/IOPCIDevice.h:1117:15: warning: 'setProperty' overrides a member function but is not marked 'override' [-Winconsistent-missing-override]
 1117 |         virtual bool setProperty(const char * aKey, void * bytes, unsigned int length);
      |                      ^
In file included from /Users/jkbuha/Sources/FakeIrisXEFramebuffer/FakeIrisXEAccelerator.cpp:2:
In file included from /Users/jkbuha/Sources/FakeIrisXEFramebuffer/FakeIrisXEAccelerator.hpp:4:
In file included from /Applications/Xcode.app/Contents/Developer/Platforms/MacOSX.platform/Developer/SDKs/MacOSX26.2.sdk/System/Library/Frameworks/Kernel.framework/Headers/IOKit/IOService.h:44:
/Applications/Xcode.app/Contents/Developer/Platforms/MacOSX.platform/Developer/SDKs/MacOSX26.2.sdk/System/Library/Frameworks/Kernel.framework/Headers/IOKit/IORegistryEntry.h:358:15: note: overridden virtual function is here
  358 |         virtual bool setProperty( const char *       aKey,
      |                      ^
In file included from /Users/jkbuha/Sources/FakeIrisXEFramebuffer/FakeIrisXEAccelerator.cpp:3:
/Users/jkbuha/Sources/FakeIrisXEFramebuffer/FakeIrisXEFramebuffer.hpp:120:5: warning: 'IOPCIDevice' is deprecated: Use PCIDriverKit [-Wdeprecated-declarations]
  120 |     IOPCIDevice *       getPCIDevice()  { return _pciDevice; }
      |     ^
In file included from /Users/jkbuha/Sources/FakeIrisXEFramebuffer/FakeIrisXEAccelerator.cpp:3:
In file included from /Users/jkbuha/Sources/FakeIrisXEFramebuffer/FakeIrisXEFramebuffer.hpp:15:
/Applications/Xcode.app/Contents/Developer/Platforms/MacOSX.platform/Developer/SDKs/MacOSX26.2.sdk/System/Library/Frameworks/Kernel.framework/Headers/IOKit/pci/IOPCIDevice.h:368:7: note: 'IOPCIDevice' has been explicitly marked deprecated here
  368 | class __kpi_deprecated("Use PCIDriverKit") IOPCIDevice : public IOService
      |       ^
In file included from /Users/jkbuha/Sources/FakeIrisXEFramebuffer/FakeIrisXEAccelerator.cpp:2:
In file included from /Users/jkbuha/Sources/FakeIrisXEFramebuffer/FakeIrisXEAccelerator.hpp:4:
In file included from /Applications/Xcode.app/Contents/Developer/Platforms/MacOSX.platform/Developer/SDKs/MacOSX26.2.sdk/System/Library/Frameworks/Kernel.framework/Headers/IOKit/IOService.h:44:
In file included from /Applications/Xcode.app/Contents/Developer/Platforms/MacOSX.platform/Developer/SDKs/MacOSX26.2.sdk/System/Library/Frameworks/Kernel.framework/Headers/IOKit/IORegistryEntry.h:39:
In file included from /Applications/Xcode.app/Contents/Developer/Platforms/MacOSX.platform/Developer/SDKs/MacOSX26.2.sdk/System/Library/Frameworks/Kernel.framework/Headers/IOKit/IOTypes.h:36:
/Applications/Xcode.app/Contents/Developer/Platforms/MacOSX.platform/Developer/SDKs/MacOSX26.2.sdk/System/Library/Frameworks/Kernel.framework/Headers/sys/cdefs.h:238:32: note: expanded from macro '__kpi_deprecated'
  238 | #define __kpi_deprecated(_msg) __deprecated_msg(_msg)
      |                                ^
/Applications/Xcode.app/Contents/Developer/Platforms/MacOSX.platform/Developer/SDKs/MacOSX26.2.sdk/System/Library/Frameworks/Kernel.framework/Headers/sys/cdefs.h:227:48: note: expanded from macro '__deprecated_msg'
  227 |         #define __deprecated_msg(_msg) __attribute__((__deprecated__(_msg)))
      |                                                       ^
In file included from /Users/jkbuha/Sources/FakeIrisXEFramebuffer/FakeIrisXEAccelerator.cpp:3:
/Users/jkbuha/Sources/FakeIrisXEFramebuffer/FakeIrisXEFramebuffer.hpp:145:5: warning: 'IOPCIDevice' is deprecated: Use PCIDriverKit [-Wdeprecated-declarations]
  145 |     IOPCIDevice *       _pciDevice    = nullptr;
      |     ^
In file included from /Users/jkbuha/Sources/FakeIrisXEFramebuffer/FakeIrisXEAccelerator.cpp:3:
In file included from /Users/jkbuha/Sources/FakeIrisXEFramebuffer/FakeIrisXEFramebuffer.hpp:15:
/Applications/Xcode.app/Contents/Developer/Platforms/MacOSX.platform/Developer/SDKs/MacOSX26.2.sdk/System/Library/Frameworks/Kernel.framework/Headers/IOKit/pci/IOPCIDevice.h:368:7: note: 'IOPCIDevice' has been explicitly marked deprecated here
  368 | class __kpi_deprecated("Use PCIDriverKit") IOPCIDevice : public IOService
      |       ^
In file included from /Users/jkbuha/Sources/FakeIrisXEFramebuffer/FakeIrisXEAccelerator.cpp:2:
In file included from /Users/jkbuha/Sources/FakeIrisXEFramebuffer/FakeIrisXEAccelerator.hpp:4:
In file included from /Applications/Xcode.app/Contents/Developer/Platforms/MacOSX.platform/Developer/SDKs/MacOSX26.2.sdk/System/Library/Frameworks/Kernel.framework/Headers/IOKit/IOService.h:44:
In file included from /Applications/Xcode.app/Contents/Developer/Platforms/MacOSX.platform/Developer/SDKs/MacOSX26.2.sdk/System/Library/Frameworks/Kernel.framework/Headers/IOKit/IORegistryEntry.h:39:
In file included from /Applications/Xcode.app/Contents/Developer/Platforms/MacOSX.platform/Developer/SDKs/MacOSX26.2.sdk/System/Library/Frameworks/Kernel.framework/Headers/IOKit/IOTypes.h:36:
/Applications/Xcode.app/Contents/Developer/Platforms/MacOSX.platform/Developer/SDKs/MacOSX26.2.sdk/System/Library/Frameworks/Kernel.framework/Headers/sys/cdefs.h:238:32: note: expanded from macro '__kpi_deprecated'
  238 | #define __kpi_deprecated(_msg) __deprecated_msg(_msg)
      |                                ^
/Applications/Xcode.app/Contents/Developer/Platforms/MacOSX.platform/Developer/SDKs/MacOSX26.2.sdk/System/Library/Frameworks/Kernel.framework/Headers/sys/cdefs.h:227:48: note: expanded from macro '__deprecated_msg'
  227 |         #define __deprecated_msg(_msg) __attribute__((__deprecated__(_msg)))
      |                                                       ^
11 warnings generated.

CompileC /Users/jkbuha/Sources/FakeIrisXEFramebuffer/build/obj/FakeIrisXEFramebuffer.build/Debug/FakeIrisXEFramebuffer.build/Objects-normal/x86_64/FakeIrisXEGEM.o /Users/jkbuha/Sources/FakeIrisXEFramebuffer/FakeIrisXEGEM.cpp normal x86_64 c++ com.apple.compilers.llvm.clang.1_0.compiler (in target 'FakeIrisXEFramebuffer' from project 'FakeIrisXEFramebuffer')
    cd /Users/jkbuha/Sources/FakeIrisXEFramebuffer
    
    Using response file: /Users/jkbuha/Sources/FakeIrisXEFramebuffer/build/obj/FakeIrisXEFramebuffer.build/Debug/FakeIrisXEFramebuffer.build/Objects-normal/x86_64/82b82416624d2658e5098eb0a28c15c5-common-args.resp
    
    /Applications/Xcode.app/Contents/Developer/Toolchains/XcodeDefault.xctoolchain/usr/bin/clang -x c++ -ivfsstatcache /var/folders/32/r9chwqn148s0zssd6bl6ddz00000gn/C/com.apple.DeveloperTools/26.2-17C52/Xcode/SDKStatCaches.noindex/macosx26.2-25C57-00fa09913b459cbbc988d1f6730289ae.sdkstatcache -fmessage-length\=0 -fdiagnostics-show-note-include-stack -fmacro-backtrace-limit\=0 -fno-color-diagnostics -Wno-trigraphs -Wno-missing-field-initializers -Wno-missing-prototypes -Wno-return-type -Wno-non-virtual-dtor -Wno-overloaded-virtual -Wno-exit-time-destructors -Wno-missing-braces -Wparentheses -Wswitch -Wno-unused-function -Wno-unused-label -Wno-unused-parameter -Wunused-variable -Wunused-value -Wno-empty-body -Wno-uninitialized -Wno-unknown-pragmas -Wno-shadow -Wno-four-char-constants -Wno-conversion -Wno-constant-conversion -Wno-int-conversion -Wno-bool-conversion -Wno-enum-conversion -Wno-float-conversion -Wno-non-literal-null-conversion -Wno-objc-literal-conversion -Wshorten-64-to-32 -Wno-newline-eof -Wno-c++11-extensions -Wno-implicit-fallthrough -fstrict-aliasing -Wdeprecated-declarations -Winvalid-offsetof -Wno-sign-conversion -Wno-infinite-recursion -Wno-move -Wno-comma -Wno-block-capture-autoreleasing -Wno-strict-prototypes -Wno-range-loop-analysis -Wno-semicolon-before-method-body @/Users/jkbuha/Sources/FakeIrisXEFramebuffer/build/obj/FakeIrisXEFramebuffer.build/Debug/FakeIrisXEFramebuffer.build/Objects-normal/x86_64/82b82416624d2658e5098eb0a28c15c5-common-args.resp -MMD -MT dependencies -MF /Users/jkbuha/Sources/FakeIrisXEFramebuffer/build/obj/FakeIrisXEFramebuffer.build/Debug/FakeIrisXEFramebuffer.build/Objects-normal/x86_64/FakeIrisXEGEM.d --serialize-diagnostics /Users/jkbuha/Sources/FakeIrisXEFramebuffer/build/obj/FakeIrisXEFramebuffer.build/Debug/FakeIrisXEFramebuffer.build/Objects-normal/x86_64/FakeIrisXEGEM.dia -c /Users/jkbuha/Sources/FakeIrisXEFramebuffer/FakeIrisXEGEM.cpp -o /Users/jkbuha/Sources/FakeIrisXEFramebuffer/build/obj/FakeIrisXEFramebuffer.build/Debug/FakeIrisXEFramebuffer.build/Objects-normal/x86_64/FakeIrisXEGEM.o
In file included from /Users/jkbuha/Sources/FakeIrisXEFramebuffer/FakeIrisXEGEM.cpp:4:
In file included from /Users/jkbuha/Sources/FakeIrisXEFramebuffer/FakeIrisXEFramebuffer.hpp:15:
/Applications/Xcode.app/Contents/Developer/Platforms/MacOSX.platform/Developer/SDKs/MacOSX26.2.sdk/System/Library/Frameworks/Kernel.framework/Headers/IOKit/pci/IOPCIDevice.h:412:18: warning: 'handleOpen' overrides a member function but is not marked 'override' [-Winconsistent-missing-override]
  412 |     virtual bool handleOpen(IOService * forClient, IOOptionBits options, void * arg);
      |                  ^
In file included from /Users/jkbuha/Sources/FakeIrisXEFramebuffer/FakeIrisXEGEM.cpp:3:
In file included from /Users/jkbuha/Sources/FakeIrisXEFramebuffer/FakeIrisXEGEM.hpp:13:
/Applications/Xcode.app/Contents/Developer/Platforms/MacOSX.platform/Developer/SDKs/MacOSX26.2.sdk/System/Library/Frameworks/Kernel.framework/Headers/IOKit/IOService.h:660:15: note: overridden virtual function is here
  660 |         virtual bool handleOpen(    IOService *   forClient,
      |                      ^
In file included from /Users/jkbuha/Sources/FakeIrisXEFramebuffer/FakeIrisXEGEM.cpp:4:
In file included from /Users/jkbuha/Sources/FakeIrisXEFramebuffer/FakeIrisXEFramebuffer.hpp:15:
/Applications/Xcode.app/Contents/Developer/Platforms/MacOSX.platform/Developer/SDKs/MacOSX26.2.sdk/System/Library/Frameworks/Kernel.framework/Headers/IOKit/pci/IOPCIDevice.h:413:18: warning: 'handleClose' overrides a member function but is not marked 'override' [-Winconsistent-missing-override]
  413 |     virtual void handleClose(IOService * forClient, IOOptionBits options);
      |                  ^
In file included from /Users/jkbuha/Sources/FakeIrisXEFramebuffer/FakeIrisXEGEM.cpp:3:
In file included from /Users/jkbuha/Sources/FakeIrisXEFramebuffer/FakeIrisXEGEM.hpp:13:
/Applications/Xcode.app/Contents/Developer/Platforms/MacOSX.platform/Developer/SDKs/MacOSX26.2.sdk/System/Library/Frameworks/Kernel.framework/Headers/IOKit/IOService.h:670:15: note: overridden virtual function is here
  670 |         virtual void handleClose(   IOService *       forClient,
      |                      ^
In file included from /Users/jkbuha/Sources/FakeIrisXEFramebuffer/FakeIrisXEGEM.cpp:4:
In file included from /Users/jkbuha/Sources/FakeIrisXEFramebuffer/FakeIrisXEFramebuffer.hpp:15:
/Applications/Xcode.app/Contents/Developer/Platforms/MacOSX.platform/Developer/SDKs/MacOSX26.2.sdk/System/Library/Frameworks/Kernel.framework/Headers/IOKit/pci/IOPCIDevice.h:1111:15: warning: 'setProperty' overrides a member function but is not marked 'override' [-Winconsistent-missing-override]
 1111 |         virtual bool setProperty(const OSSymbol * aKey, OSObject * anObject);
      |                      ^
In file included from /Users/jkbuha/Sources/FakeIrisXEFramebuffer/FakeIrisXEGEM.cpp:3:
In file included from /Users/jkbuha/Sources/FakeIrisXEFramebuffer/FakeIrisXEGEM.hpp:13:
In file included from /Applications/Xcode.app/Contents/Developer/Platforms/MacOSX.platform/Developer/SDKs/MacOSX26.2.sdk/System/Library/Frameworks/Kernel.framework/Headers/IOKit/IOService.h:44:
/Applications/Xcode.app/Contents/Developer/Platforms/MacOSX.platform/Developer/SDKs/MacOSX26.2.sdk/System/Library/Frameworks/Kernel.framework/Headers/IOKit/IORegistryEntry.h:298:15: note: overridden virtual function is here
  298 |         virtual bool setProperty(const OSSymbol * aKey,
      |                      ^
In file included from /Users/jkbuha/Sources/FakeIrisXEFramebuffer/FakeIrisXEGEM.cpp:4:
In file included from /Users/jkbuha/Sources/FakeIrisXEFramebuffer/FakeIrisXEFramebuffer.hpp:15:
/Applications/Xcode.app/Contents/Developer/Platforms/MacOSX.platform/Developer/SDKs/MacOSX26.2.sdk/System/Library/Frameworks/Kernel.framework/Headers/IOKit/pci/IOPCIDevice.h:1112:15: warning: 'setProperty' overrides a member function but is not marked 'override' [-Winconsistent-missing-override]
 1112 |         virtual bool setProperty(const OSString * aKey, OSObject * anObject);
      |                      ^
In file included from /Users/jkbuha/Sources/FakeIrisXEFramebuffer/FakeIrisXEGEM.cpp:3:
In file included from /Users/jkbuha/Sources/FakeIrisXEFramebuffer/FakeIrisXEGEM.hpp:13:
In file included from /Applications/Xcode.app/Contents/Developer/Platforms/MacOSX.platform/Developer/SDKs/MacOSX26.2.sdk/System/Library/Frameworks/Kernel.framework/Headers/IOKit/IOService.h:44:
/Applications/Xcode.app/Contents/Developer/Platforms/MacOSX.platform/Developer/SDKs/MacOSX26.2.sdk/System/Library/Frameworks/Kernel.framework/Headers/IOKit/IORegistryEntry.h:309:15: note: overridden virtual function is here
  309 |         virtual bool setProperty(const OSString * aKey, OSObject * anObject);
      |                      ^
In file included from /Users/jkbuha/Sources/FakeIrisXEFramebuffer/FakeIrisXEGEM.cpp:4:
In file included from /Users/jkbuha/Sources/FakeIrisXEFramebuffer/FakeIrisXEFramebuffer.hpp:15:
/Applications/Xcode.app/Contents/Developer/Platforms/MacOSX.platform/Developer/SDKs/MacOSX26.2.sdk/System/Library/Frameworks/Kernel.framework/Headers/IOKit/pci/IOPCIDevice.h:1113:15: warning: 'setProperty' overrides a member function but is not marked 'override' [-Winconsistent-missing-override]
 1113 |         virtual bool setProperty(const char * aKey, OSObject * anObject);
      |                      ^
In file included from /Users/jkbuha/Sources/FakeIrisXEFramebuffer/FakeIrisXEGEM.cpp:3:
In file included from /Users/jkbuha/Sources/FakeIrisXEFramebuffer/FakeIrisXEGEM.hpp:13:
In file included from /Applications/Xcode.app/Contents/Developer/Platforms/MacOSX.platform/Developer/SDKs/MacOSX26.2.sdk/System/Library/Frameworks/Kernel.framework/Headers/IOKit/IOService.h:44:
/Applications/Xcode.app/Contents/Developer/Platforms/MacOSX.platform/Developer/SDKs/MacOSX26.2.sdk/System/Library/Frameworks/Kernel.framework/Headers/IOKit/IORegistryEntry.h:318:15: note: overridden virtual function is here
  318 |         virtual bool setProperty(const char * aKey, OSObject * anObject);
      |                      ^
In file included from /Users/jkbuha/Sources/FakeIrisXEFramebuffer/FakeIrisXEGEM.cpp:4:
In file included from /Users/jkbuha/Sources/FakeIrisXEFramebuffer/FakeIrisXEFramebuffer.hpp:15:
/Applications/Xcode.app/Contents/Developer/Platforms/MacOSX.platform/Developer/SDKs/MacOSX26.2.sdk/System/Library/Frameworks/Kernel.framework/Headers/IOKit/pci/IOPCIDevice.h:1114:15: warning: 'setProperty' overrides a member function but is not marked 'override' [-Winconsistent-missing-override]
 1114 |         virtual bool setProperty(const char * aKey, const char * aString);
      |                      ^
In file included from /Users/jkbuha/Sources/FakeIrisXEFramebuffer/FakeIrisXEGEM.cpp:3:
In file included from /Users/jkbuha/Sources/FakeIrisXEFramebuffer/FakeIrisXEGEM.hpp:13:
In file included from /Applications/Xcode.app/Contents/Developer/Platforms/MacOSX.platform/Developer/SDKs/MacOSX26.2.sdk/System/Library/Frameworks/Kernel.framework/Headers/IOKit/IOService.h:44:
/Applications/Xcode.app/Contents/Developer/Platforms/MacOSX.platform/Developer/SDKs/MacOSX26.2.sdk/System/Library/Frameworks/Kernel.framework/Headers/IOKit/IORegistryEntry.h:327:15: note: overridden virtual function is here
  327 |         virtual bool setProperty(const char * aKey, const char * aString);
      |                      ^
In file included from /Users/jkbuha/Sources/FakeIrisXEFramebuffer/FakeIrisXEGEM.cpp:4:
In file included from /Users/jkbuha/Sources/FakeIrisXEFramebuffer/FakeIrisXEFramebuffer.hpp:15:
/Applications/Xcode.app/Contents/Developer/Platforms/MacOSX.platform/Developer/SDKs/MacOSX26.2.sdk/System/Library/Frameworks/Kernel.framework/Headers/IOKit/pci/IOPCIDevice.h:1115:15: warning: 'setProperty' overrides a member function but is not marked 'override' [-Winconsistent-missing-override]
 1115 |         virtual bool setProperty(const char * aKey, bool aBoolean);
      |                      ^
In file included from /Users/jkbuha/Sources/FakeIrisXEFramebuffer/FakeIrisXEGEM.cpp:3:
In file included from /Users/jkbuha/Sources/FakeIrisXEFramebuffer/FakeIrisXEGEM.hpp:13:
In file included from /Applications/Xcode.app/Contents/Developer/Platforms/MacOSX.platform/Developer/SDKs/MacOSX26.2.sdk/System/Library/Frameworks/Kernel.framework/Headers/IOKit/IOService.h:44:
/Applications/Xcode.app/Contents/Developer/Platforms/MacOSX.platform/Developer/SDKs/MacOSX26.2.sdk/System/Library/Frameworks/Kernel.framework/Headers/IOKit/IORegistryEntry.h:336:15: note: overridden virtual function is here
  336 |         virtual bool setProperty(const char * aKey, bool aBoolean);
      |                      ^
In file included from /Users/jkbuha/Sources/FakeIrisXEFramebuffer/FakeIrisXEGEM.cpp:4:
In file included from /Users/jkbuha/Sources/FakeIrisXEFramebuffer/FakeIrisXEFramebuffer.hpp:15:
/Applications/Xcode.app/Contents/Developer/Platforms/MacOSX.platform/Developer/SDKs/MacOSX26.2.sdk/System/Library/Frameworks/Kernel.framework/Headers/IOKit/pci/IOPCIDevice.h:1116:15: warning: 'setProperty' overrides a member function but is not marked 'override' [-Winconsistent-missing-override]
 1116 |         virtual bool setProperty(const char * aKey, unsigned long long aValue, unsigned int aNumberOfBits);
      |                      ^
In file included from /Users/jkbuha/Sources/FakeIrisXEFramebuffer/FakeIrisXEGEM.cpp:3:
In file included from /Users/jkbuha/Sources/FakeIrisXEFramebuffer/FakeIrisXEGEM.hpp:13:
In file included from /Applications/Xcode.app/Contents/Developer/Platforms/MacOSX.platform/Developer/SDKs/MacOSX26.2.sdk/System/Library/Frameworks/Kernel.framework/Headers/IOKit/IOService.h:44:
/Applications/Xcode.app/Contents/Developer/Platforms/MacOSX.platform/Developer/SDKs/MacOSX26.2.sdk/System/Library/Frameworks/Kernel.framework/Headers/IOKit/IORegistryEntry.h:346:15: note: overridden virtual function is here
  346 |         virtual bool setProperty( const char *       aKey,
      |                      ^
In file included from /Users/jkbuha/Sources/FakeIrisXEFramebuffer/FakeIrisXEGEM.cpp:4:
In file included from /Users/jkbuha/Sources/FakeIrisXEFramebuffer/FakeIrisXEFramebuffer.hpp:15:
/Applications/Xcode.app/Contents/Developer/Platforms/MacOSX.platform/Developer/SDKs/MacOSX26.2.sdk/System/Library/Frameworks/Kernel.framework/Headers/IOKit/pci/IOPCIDevice.h:1117:15: warning: 'setProperty' overrides a member function but is not marked 'override' [-Winconsistent-missing-override]
 1117 |         virtual bool setProperty(const char * aKey, void * bytes, unsigned int length);
      |                      ^
In file included from /Users/jkbuha/Sources/FakeIrisXEFramebuffer/FakeIrisXEGEM.cpp:3:
In file included from /Users/jkbuha/Sources/FakeIrisXEFramebuffer/FakeIrisXEGEM.hpp:13:
In file included from /Applications/Xcode.app/Contents/Developer/Platforms/MacOSX.platform/Developer/SDKs/MacOSX26.2.sdk/System/Library/Frameworks/Kernel.framework/Headers/IOKit/IOService.h:44:
/Applications/Xcode.app/Contents/Developer/Platforms/MacOSX.platform/Developer/SDKs/MacOSX26.2.sdk/System/Library/Frameworks/Kernel.framework/Headers/IOKit/IORegistryEntry.h:358:15: note: overridden virtual function is here
  358 |         virtual bool setProperty( const char *       aKey,
      |                      ^
In file included from /Users/jkbuha/Sources/FakeIrisXEFramebuffer/FakeIrisXEGEM.cpp:4:
/Users/jkbuha/Sources/FakeIrisXEFramebuffer/FakeIrisXEFramebuffer.hpp:120:5: warning: 'IOPCIDevice' is deprecated: Use PCIDriverKit [-Wdeprecated-declarations]
  120 |     IOPCIDevice *       getPCIDevice()  { return _pciDevice; }
      |     ^
In file included from /Users/jkbuha/Sources/FakeIrisXEFramebuffer/FakeIrisXEGEM.cpp:4:
In file included from /Users/jkbuha/Sources/FakeIrisXEFramebuffer/FakeIrisXEFramebuffer.hpp:15:
/Applications/Xcode.app/Contents/Developer/Platforms/MacOSX.platform/Developer/SDKs/MacOSX26.2.sdk/System/Library/Frameworks/Kernel.framework/Headers/IOKit/pci/IOPCIDevice.h:368:7: note: 'IOPCIDevice' has been explicitly marked deprecated here
  368 | class __kpi_deprecated("Use PCIDriverKit") IOPCIDevice : public IOService
      |       ^
In file included from /Users/jkbuha/Sources/FakeIrisXEFramebuffer/FakeIrisXEGEM.cpp:3:
In file included from /Users/jkbuha/Sources/FakeIrisXEFramebuffer/FakeIrisXEGEM.hpp:13:
In file included from /Applications/Xcode.app/Contents/Developer/Platforms/MacOSX.platform/Developer/SDKs/MacOSX26.2.sdk/System/Library/Frameworks/Kernel.framework/Headers/IOKit/IOService.h:44:
In file included from /Applications/Xcode.app/Contents/Developer/Platforms/MacOSX.platform/Developer/SDKs/MacOSX26.2.sdk/System/Library/Frameworks/Kernel.framework/Headers/IOKit/IORegistryEntry.h:39:
In file included from /Applications/Xcode.app/Contents/Developer/Platforms/MacOSX.platform/Developer/SDKs/MacOSX26.2.sdk/System/Library/Frameworks/Kernel.framework/Headers/IOKit/IOTypes.h:36:
/Applications/Xcode.app/Contents/Developer/Platforms/MacOSX.platform/Developer/SDKs/MacOSX26.2.sdk/System/Library/Frameworks/Kernel.framework/Headers/sys/cdefs.h:238:32: note: expanded from macro '__kpi_deprecated'
  238 | #define __kpi_deprecated(_msg) __deprecated_msg(_msg)
      |                                ^
/Applications/Xcode.app/Contents/Developer/Platforms/MacOSX.platform/Developer/SDKs/MacOSX26.2.sdk/System/Library/Frameworks/Kernel.framework/Headers/sys/cdefs.h:227:48: note: expanded from macro '__deprecated_msg'
  227 |         #define __deprecated_msg(_msg) __attribute__((__deprecated__(_msg)))
      |                                                       ^
In file included from /Users/jkbuha/Sources/FakeIrisXEFramebuffer/FakeIrisXEGEM.cpp:4:
/Users/jkbuha/Sources/FakeIrisXEFramebuffer/FakeIrisXEFramebuffer.hpp:145:5: warning: 'IOPCIDevice' is deprecated: Use PCIDriverKit [-Wdeprecated-declarations]
  145 |     IOPCIDevice *       _pciDevice    = nullptr;
      |     ^
In file included from /Users/jkbuha/Sources/FakeIrisXEFramebuffer/FakeIrisXEGEM.cpp:4:
In file included from /Users/jkbuha/Sources/FakeIrisXEFramebuffer/FakeIrisXEFramebuffer.hpp:15:
/Applications/Xcode.app/Contents/Developer/Platforms/MacOSX.platform/Developer/SDKs/MacOSX26.2.sdk/System/Library/Frameworks/Kernel.framework/Headers/IOKit/pci/IOPCIDevice.h:368:7: note: 'IOPCIDevice' has been explicitly marked deprecated here
  368 | class __kpi_deprecated("Use PCIDriverKit") IOPCIDevice : public IOService
      |       ^
In file included from /Users/jkbuha/Sources/FakeIrisXEFramebuffer/FakeIrisXEGEM.cpp:3:
In file included from /Users/jkbuha/Sources/FakeIrisXEFramebuffer/FakeIrisXEGEM.hpp:13:
In file included from /Applications/Xcode.app/Contents/Developer/Platforms/MacOSX.platform/Developer/SDKs/MacOSX26.2.sdk/System/Library/Frameworks/Kernel.framework/Headers/IOKit/IOService.h:44:
In file included from /Applications/Xcode.app/Contents/Developer/Platforms/MacOSX.platform/Developer/SDKs/MacOSX26.2.sdk/System/Library/Frameworks/Kernel.framework/Headers/IOKit/IORegistryEntry.h:39:
In file included from /Applications/Xcode.app/Contents/Developer/Platforms/MacOSX.platform/Developer/SDKs/MacOSX26.2.sdk/System/Library/Frameworks/Kernel.framework/Headers/IOKit/IOTypes.h:36:
/Applications/Xcode.app/Contents/Developer/Platforms/MacOSX.platform/Developer/SDKs/MacOSX26.2.sdk/System/Library/Frameworks/Kernel.framework/Headers/sys/cdefs.h:238:32: note: expanded from macro '__kpi_deprecated'
  238 | #define __kpi_deprecated(_msg) __deprecated_msg(_msg)
      |                                ^
/Applications/Xcode.app/Contents/Developer/Platforms/MacOSX.platform/Developer/SDKs/MacOSX26.2.sdk/System/Library/Frameworks/Kernel.framework/Headers/sys/cdefs.h:227:48: note: expanded from macro '__deprecated_msg'
  227 |         #define __deprecated_msg(_msg) __attribute__((__deprecated__(_msg)))
      |                                                       ^
/Users/jkbuha/Sources/FakeIrisXEFramebuffer/FakeIrisXEGEM.cpp:28:23: warning: unused variable 'ptePhys' [-Wunused-variable]
   28 |     IOPhysicalAddress ptePhys = mmioMap->getPhysicalAddress() + TGL_GGTT_PTE_OFFSET;
      |                       ^~~~~~~
12 warnings generated.

PrelinkedObjectLink /Users/jkbuha/Sources/FakeIrisXEFramebuffer/build/obj/FakeIrisXEFramebuffer.build/Debug/FakeIrisXEFramebuffer.build/Objects-normal/FakeIrisXEFramebuffer-x86_64-prelink.o (in target 'FakeIrisXEFramebuffer' from project 'FakeIrisXEFramebuffer')
    cd /Users/jkbuha/Sources/FakeIrisXEFramebuffer
    /Applications/Xcode.app/Contents/Developer/Toolchains/XcodeDefault.xctoolchain/usr/bin/ld -r -arch x86_64 -platform_version 1 15.0 26.2 -syslibroot /Applications/Xcode.app/Contents/Developer/Platforms/MacOSX.platform/Developer/SDKs/MacOSX26.2.sdk /Users/jkbuha/Sources/FakeIrisXEFramebuffer/build/obj/FakeIrisXEFramebuffer.build/Debug/FakeIrisXEFramebuffer.build/Objects-normal/x86_64/FakeIrisXEFramebuffer_info.o /Users/jkbuha/Sources/FakeIrisXEFramebuffer/build/obj/FakeIrisXEFramebuffer.build/Debug/FakeIrisXEFramebuffer.build/Objects-normal/x86_64/FakeIrisXEFramebuffer.o /Users/jkbuha/Sources/FakeIrisXEFramebuffer/build/obj/FakeIrisXEFramebuffer.build/Debug/FakeIrisXEFramebuffer.build/Objects-normal/x86_64/FakeIrisXEGuC.o /Users/jkbuha/Sources/FakeIrisXEFramebuffer/build/obj/FakeIrisXEFramebuffer.build/Debug/FakeIrisXEFramebuffer.build/Objects-normal/x86_64/FakeIrisXEExeclist.o /Users/jkbuha/Sources/FakeIrisXEFramebuffer/build/obj/FakeIrisXEFramebuffer.build/Debug/FakeIrisXEFramebuffer.build/Objects-normal/x86_64/FakeIrisXEGEM.o /Users/jkbuha/Sources/FakeIrisXEFramebuffer/build/obj/FakeIrisXEFramebuffer.build/Debug/FakeIrisXEFramebuffer.build/Objects-normal/x86_64/FakeIrisXEAccelerator.o /Users/jkbuha/Sources/FakeIrisXEFramebuffer/build/obj/FakeIrisXEFramebuffer.build/Debug/FakeIrisXEFramebuffer.build/Objects-normal/x86_64/stubs.o /Users/jkbuha/Sources/FakeIrisXEFramebuffer/build/obj/FakeIrisXEFramebuffer.build/Debug/FakeIrisXEFramebuffer.build/Objects-normal/x86_64/embedded_firmware.o -o /Users/jkbuha/Sources/FakeIrisXEFramebuffer/build/obj/FakeIrisXEFramebuffer.build/Debug/FakeIrisXEFramebuffer.build/Objects-normal/FakeIrisXEFramebuffer-x86_64-prelink.o

Ld /Users/jkbuha/Sources/FakeIrisXEFramebuffer/build/Debug/FakeIrisXEFramebuffer.kext/Contents/MacOS/FakeIrisXEFramebuffer normal (in target 'FakeIrisXEFramebuffer' from project 'FakeIrisXEFramebuffer')
    cd /Users/jkbuha/Sources/FakeIrisXEFramebuffer
    /Applications/Xcode.app/Contents/Developer/Toolchains/XcodeDefault.xctoolchain/usr/bin/clang++ -Xlinker -reproducible -target x86_64-apple-macos15.0 -isysroot /Applications/Xcode.app/Contents/Developer/Platforms/MacOSX.platform/Developer/SDKs/MacOSX26.2.sdk -O0 -L/Users/jkbuha/Sources/FakeIrisXEFramebuffer/build/obj/EagerLinkingTBDs/Debug -L/Users/jkbuha/Sources/FakeIrisXEFramebuffer/build/Debug -F/Users/jkbuha/Sources/FakeIrisXEFramebuffer/build/obj/EagerLinkingTBDs/Debug -F/Users/jkbuha/Sources/FakeIrisXEFramebuffer/build/Debug -filelist /Users/jkbuha/Sources/FakeIrisXEFramebuffer/build/obj/FakeIrisXEFramebuffer.build/Debug/FakeIrisXEFramebuffer.build/Objects-normal/x86_64/FakeIrisXEFramebuffer.LinkFileList -nostdlib -Xlinker -object_path_lto -Xlinker /Users/jkbuha/Sources/FakeIrisXEFramebuffer/build/obj/FakeIrisXEFramebuffer.build/Debug/FakeIrisXEFramebuffer.build/Objects-normal/x86_64/FakeIrisXEFramebuffer_lto.o -Xlinker -no_deduplicate -Xlinker -dependency_info -Xlinker /Users/jkbuha/Sources/FakeIrisXEFramebuffer/build/obj/FakeIrisXEFramebuffer.build/Debug/FakeIrisXEFramebuffer.build/Objects-normal/x86_64/FakeIrisXEFramebuffer_dependency_info.dat -Xlinker -kext -Xlinker -kext -lkmodc++ -lkmod -lcc_kext -o /Users/jkbuha/Sources/FakeIrisXEFramebuffer/build/Debug/FakeIrisXEFramebuffer.kext/Contents/MacOS/FakeIrisXEFramebuffer
ld: warning: object file (/Applications/Xcode.app/Contents/Developer/Platforms/MacOSX.platform/Developer/SDKs/MacOSX.sdk/usr/lib/libkmod.a[x86_64][2](c_start.o)) was built for newer 'macOS' version (26.2) than being linked (15.0)
ld: warning: object file (/Applications/Xcode.app/Contents/Developer/Platforms/MacOSX.platform/Developer/SDKs/MacOSX.sdk/usr/lib/libkmod.a[x86_64][3](c_stop.o)) was built for newer 'macOS' version (26.2) than being linked (15.0)

Copy /Users/jkbuha/Sources/FakeIrisXEFramebuffer/build/Debug/Info.plist /Users/jkbuha/Sources/FakeIrisXEFramebuffer/FakeIrisXEFramebuffer.kext/Contents/Info.plist (in target 'FakeIrisXEFramebuffer' from project 'FakeIrisXEFramebuffer')
    cd /Users/jkbuha/Sources/FakeIrisXEFramebuffer
    builtin-copy -exclude .DS_Store -exclude CVS -exclude .svn -exclude .git -exclude .hg -resolve-src-symlinks -remove-static-executable /Users/jkbuha/Sources/FakeIrisXEFramebuffer/FakeIrisXEFramebuffer.kext/Contents/Info.plist /Users/jkbuha/Sources/FakeIrisXEFramebuffer/build/Debug

RegisterExecutionPolicyException /Users/jkbuha/Sources/FakeIrisXEFramebuffer/build/Debug/FakeIrisXEFramebuffer.kext (in target 'FakeIrisXEFramebuffer' from project 'FakeIrisXEFramebuffer')
    cd /Users/jkbuha/Sources/FakeIrisXEFramebuffer
    builtin-RegisterExecutionPolicyException /Users/jkbuha/Sources/FakeIrisXEFramebuffer/build/Debug/FakeIrisXEFramebuffer.kext

Touch /Users/jkbuha/Sources/FakeIrisXEFramebuffer/build/Debug/FakeIrisXEFramebuffer.kext (in target 'FakeIrisXEFramebuffer' from project 'FakeIrisXEFramebuffer')
    cd /Users/jkbuha/Sources/FakeIrisXEFramebuffer
    /usr/bin/touch -c /Users/jkbuha/Sources/FakeIrisXEFramebuffer/build/Debug/FakeIrisXEFramebuffer.kext

** BUILD SUCCEEDED **

